{
  "classname": null,
  "name": null,
  "animation": {
    "classname": null,
    "name": "AnimationManager",
    "actionlist": []
  },
  "dataScale": 1,
  "designHeight": 1280,
  "designWidth": 720,
  "textures": [],
  "texturesPng": [
    "Games/GLobby/res/club/proSys/bg_tgbltz.png",
    "Games/GLobby/res/club/proSys/10_1.png",
    "Games/GLobby/res/club/proSys/10_2.png",
    "Games/GLobby/res/club/proSys/20_1.png",
    "Games/GLobby/res/club/proSys/20_2.png",
    "Games/GLobby/res/club/proSys/30_1.png",
    "Games/GLobby/res/club/proSys/30_2.png",
    "Games/GLobby/res/club/proSys/40_1.png",
    "Games/GLobby/res/club/proSys/40_2.png",
    "Games/GLobby/res/club/proSys/50_1.png",
    "Games/GLobby/res/club/proSys/50_2.png",
    "Games/GLobby/res/club/proSys/60_1.png",
    "Games/GLobby/res/club/proSys/60_2.png",
    "Games/GLobby/res/club/memberManage/img_close.png",
    "Games/GLobby/res/club/proSys/btn_queding.png"
  ],
  "version": "1.6.0.0",
  "widgetTree": {
    "classname": "Panel",
    "name": null,
    "children": [
      {
        "classname": "Panel",
        "name": null,
        "children": [
          {
            "classname": "Panel",
            "name": null,
            "children": [
              {
                "classname": "CheckBox",
                "name": null,
                "children": [],
                "options": {
                  "__type": "CheckBoxSurrogate:#EditorCommon.JsonModel.Component.GUI",
                  "classname": "CheckBox",
                  "name": "CheckBox_10",
                  "ZOrder": 0,
                  "actiontag": 35726297,
                  "anchorPointX": 0.5,
                  "anchorPointY": 0.5,
                  "classType": "CocoStudio.EngineAdapterWrap.CSCheckBox",
                  "colorB": 255,
                  "colorG": 255,
                  "colorR": 255,
                  "customProperty": "",
                  "flipX": false,
                  "flipY": false,
                  "height": 27,
                  "ignoreSize": true,
                  "layoutParameter": null,
                  "opacity": 255,
                  "positionPercentX": -0.211480364,
                  "positionPercentY": 0.21778585,
                  "positionType": 0,
                  "rotation": 0,
                  "scaleX": 1,
                  "scaleY": 1,
                  "sizePercentX": 0.3429003,
                  "sizePercentY": 0.0490018167,
                  "sizeType": 0,
                  "tag": 4855,
                  "touchAble": true,
                  "useMergedTexture": false,
                  "visible": true,
                  "width": 227,
                  "x": -140,
                  "y": 120,
                  "backGroundBox": null,
                  "backGroundBoxData": {
                    "path": "Games/GLobby/res/club/proSys/10_1.png",
                    "plistFile": "",
                    "resourceType": 0
                  },
                  "backGroundBoxDisabled": null,
                  "backGroundBoxDisabledData": {
                    "path": null,
                    "plistFile": null,
                    "resourceType": 0
                  },
                  "backGroundBoxSelected": null,
                  "backGroundBoxSelectedData": {
                    "path": null,
                    "plistFile": null,
                    "resourceType": 0
                  },
                  "frontCross": null,
                  "frontCrossData": {
                    "path": "Games/GLobby/res/club/proSys/10_2.png",
                    "plistFile": "",
                    "resourceType": 0
                  },
                  "frontCrossDisabled": null,
                  "frontCrossDisabledData": {
                    "path": null,
                    "plistFile": null,
                    "resourceType": 0
                  },
                  "selectedState": true
                }
              },
              {
                "classname": "CheckBox",
                "name": null,
                "children": [],
                "options": {
                  "__type": "CheckBoxSurrogate:#EditorCommon.JsonModel.Component.GUI",
                  "classname": "CheckBox",
                  "name": "CheckBox_20",
                  "ZOrder": 0,
                  "actiontag": 26246897,
                  "anchorPointX": 0.5,
                  "anchorPointY": 0.5,
                  "classType": "CocoStudio.EngineAdapterWrap.CSCheckBox",
                  "colorB": 255,
                  "colorG": 255,
                  "colorR": 255,
                  "customProperty": "",
                  "flipX": false,
                  "flipY": false,
                  "height": 27,
                  "ignoreSize": true,
                  "layoutParameter": null,
                  "opacity": 255,
                  "positionPercentX": 0.211480364,
                  "positionPercentY": 0.21778585,
                  "positionType": 0,
                  "rotation": 0,
                  "scaleX": 1,
                  "scaleY": 1,
                  "sizePercentX": 0.3081571,
                  "sizePercentY": 0.0490018167,
                  "sizeType": 0,
                  "tag": 4858,
                  "touchAble": true,
                  "useMergedTexture": false,
                  "visible": true,
                  "width": 204,
                  "x": 140,
                  "y": 120,
                  "backGroundBox": null,
                  "backGroundBoxData": {
                    "path": "Games/GLobby/res/club/proSys/20_1.png",
                    "plistFile": "",
                    "resourceType": 0
                  },
                  "backGroundBoxDisabled": null,
                  "backGroundBoxDisabledData": {
                    "path": null,
                    "plistFile": null,
                    "resourceType": 0
                  },
                  "backGroundBoxSelected": null,
                  "backGroundBoxSelectedData": {
                    "path": null,
                    "plistFile": null,
                    "resourceType": 0
                  },
                  "frontCross": null,
                  "frontCrossData": {
                    "path": "Games/GLobby/res/club/proSys/20_2.png",
                    "plistFile": "",
                    "resourceType": 0
                  },
                  "frontCrossDisabled": null,
                  "frontCrossDisabledData": {
                    "path": null,
                    "plistFile": null,
                    "resourceType": 0
                  },
                  "selectedState": true
                }
              },
              {
                "classname": "CheckBox",
                "name": null,
                "children": [],
                "options": {
                  "__type": "CheckBoxSurrogate:#EditorCommon.JsonModel.Component.GUI",
                  "classname": "CheckBox",
                  "name": "CheckBox_30",
                  "ZOrder": 0,
                  "actiontag": 19284688,
                  "anchorPointX": 0.5,
                  "anchorPointY": 0.5,
                  "classType": "CocoStudio.EngineAdapterWrap.CSCheckBox",
                  "colorB": 255,
                  "colorG": 255,
                  "colorR": 255,
                  "customProperty": "",
                  "flipX": false,
                  "flipY": false,
                  "height": 27,
                  "ignoreSize": true,
                  "layoutParameter": null,
                  "opacity": 255,
                  "positionPercentX": -0.211480364,
                  "positionPercentY": 0.0544464625,
                  "positionType": 0,
                  "rotation": 0,
                  "scaleX": 1,
                  "scaleY": 1,
                  "sizePercentX": 0.341389716,
                  "sizePercentY": 0.0490018167,
                  "sizeType": 0,
                  "tag": 4862,
                  "touchAble": true,
                  "useMergedTexture": false,
                  "visible": true,
                  "width": 226,
                  "x": -140,
                  "y": 30,
                  "backGroundBox": null,
                  "backGroundBoxData": {
                    "path": "Games/GLobby/res/club/proSys/30_1.png",
                    "plistFile": "",
                    "resourceType": 0
                  },
                  "backGroundBoxDisabled": null,
                  "backGroundBoxDisabledData": {
                    "path": null,
                    "plistFile": null,
                    "resourceType": 0
                  },
                  "backGroundBoxSelected": null,
                  "backGroundBoxSelectedData": {
                    "path": null,
                    "plistFile": null,
                    "resourceType": 0
                  },
                  "frontCross": null,
                  "frontCrossData": {
                    "path": "Games/GLobby/res/club/proSys/30_2.png",
                    "plistFile": "",
                    "resourceType": 0
                  },
                  "frontCrossDisabled": null,
                  "frontCrossDisabledData": {
                    "path": null,
                    "plistFile": null,
                    "resourceType": 0
                  },
                  "selectedState": true
                }
              },
              {
                "classname": "CheckBox",
                "name": null,
                "children": [],
                "options": {
                  "__type": "CheckBoxSurrogate:#EditorCommon.JsonModel.Component.GUI",
                  "classname": "CheckBox",
                  "name": "CheckBox_40",
                  "ZOrder": 0,
                  "actiontag": 64180094,
                  "anchorPointX": 0.5,
                  "anchorPointY": 0.5,
                  "classType": "CocoStudio.EngineAdapterWrap.CSCheckBox",
                  "colorB": 255,
                  "colorG": 255,
                  "colorR": 255,
                  "customProperty": "",
                  "flipX": false,
                  "flipY": false,
                  "height": 27,
                  "ignoreSize": true,
                  "layoutParameter": null,
                  "opacity": 255,
                  "positionPercentX": 0.211480364,
                  "positionPercentY": 0.0544464625,
                  "positionType": 0,
                  "rotation": 0,
                  "scaleX": 1,
                  "scaleY": 1,
                  "sizePercentX": 0.3081571,
                  "sizePercentY": 0.0490018167,
                  "sizeType": 0,
                  "tag": 4869,
                  "touchAble": true,
                  "useMergedTexture": false,
                  "visible": true,
                  "width": 204,
                  "x": 140,
                  "y": 30,
                  "backGroundBox": null,
                  "backGroundBoxData": {
                    "path": "Games/GLobby/res/club/proSys/40_1.png",
                    "plistFile": "",
                    "resourceType": 0
                  },
                  "backGroundBoxDisabled": null,
                  "backGroundBoxDisabledData": {
                    "path": null,
                    "plistFile": null,
                    "resourceType": 0
                  },
                  "backGroundBoxSelected": null,
                  "backGroundBoxSelectedData": {
                    "path": null,
                    "plistFile": null,
                    "resourceType": 0
                  },
                  "frontCross": null,
                  "frontCrossData": {
                    "path": "Games/GLobby/res/club/proSys/40_2.png",
                    "plistFile": "",
                    "resourceType": 0
                  },
                  "frontCrossDisabled": null,
                  "frontCrossDisabledData": {
                    "path": null,
                    "plistFile": null,
                    "resourceType": 0
                  },
                  "selectedState": true
                }
              },
              {
                "classname": "CheckBox",
                "name": null,
                "children": [],
                "options": {
                  "__type": "CheckBoxSurrogate:#EditorCommon.JsonModel.Component.GUI",
                  "classname": "CheckBox",
                  "name": "CheckBox_50",
                  "ZOrder": 0,
                  "actiontag": 4988131,
                  "anchorPointX": 0.5,
                  "anchorPointY": 0.5,
                  "classType": "CocoStudio.EngineAdapterWrap.CSCheckBox",
                  "colorB": 255,
                  "colorG": 255,
                  "colorR": 255,
                  "customProperty": "",
                  "flipX": false,
                  "flipY": false,
                  "height": 27,
                  "ignoreSize": true,
                  "layoutParameter": null,
                  "opacity": 255,
                  "positionPercentX": -0.211480364,
                  "positionPercentY": -0.108892925,
                  "positionType": 0,
                  "rotation": 0,
                  "scaleX": 1,
                  "scaleY": 1,
                  "sizePercentX": 0.341389716,
                  "sizePercentY": 0.0490018167,
                  "sizeType": 0,
                  "tag": 4863,
                  "touchAble": true,
                  "useMergedTexture": false,
                  "visible": true,
                  "width": 226,
                  "x": -140,
                  "y": -60,
                  "backGroundBox": null,
                  "backGroundBoxData": {
                    "path": "Games/GLobby/res/club/proSys/50_1.png",
                    "plistFile": "",
                    "resourceType": 0
                  },
                  "backGroundBoxDisabled": null,
                  "backGroundBoxDisabledData": {
                    "path": null,
                    "plistFile": null,
                    "resourceType": 0
                  },
                  "backGroundBoxSelected": null,
                  "backGroundBoxSelectedData": {
                    "path": null,
                    "plistFile": null,
                    "resourceType": 0
                  },
                  "frontCross": null,
                  "frontCrossData": {
                    "path": "Games/GLobby/res/club/proSys/50_2.png",
                    "plistFile": "",
                    "resourceType": 0
                  },
                  "frontCrossDisabled": null,
                  "frontCrossDisabledData": {
                    "path": null,
                    "plistFile": null,
                    "resourceType": 0
                  },
                  "selectedState": true
                }
              },
              {
                "classname": "CheckBox",
                "name": null,
                "children": [],
                "options": {
                  "__type": "CheckBoxSurrogate:#EditorCommon.JsonModel.Component.GUI",
                  "classname": "CheckBox",
                  "name": "CheckBox_60",
                  "ZOrder": 0,
                  "actiontag": 30886969,
                  "anchorPointX": 0.5,
                  "anchorPointY": 0.5,
                  "classType": "CocoStudio.EngineAdapterWrap.CSCheckBox",
                  "colorB": 255,
                  "colorG": 255,
                  "colorR": 255,
                  "customProperty": "",
                  "flipX": false,
                  "flipY": false,
                  "height": 27,
                  "ignoreSize": true,
                  "layoutParameter": null,
                  "opacity": 255,
                  "positionPercentX": 0.211480364,
                  "positionPercentY": -0.108892925,
                  "positionType": 0,
                  "rotation": 0,
                  "scaleX": 1,
                  "scaleY": 1,
                  "sizePercentX": 0.3081571,
                  "sizePercentY": 0.0490018167,
                  "sizeType": 0,
                  "tag": 4875,
                  "touchAble": true,
                  "useMergedTexture": false,
                  "visible": true,
                  "width": 204,
                  "x": 140,
                  "y": -60,
                  "backGroundBox": null,
                  "backGroundBoxData": {
                    "path": "Games/GLobby/res/club/proSys/60_1.png",
                    "plistFile": "",
                    "resourceType": 0
                  },
                  "backGroundBoxDisabled": null,
                  "backGroundBoxDisabledData": {
                    "path": null,
                    "plistFile": null,
                    "resourceType": 0
                  },
                  "backGroundBoxSelected": null,
                  "backGroundBoxSelectedData": {
                    "path": null,
                    "plistFile": null,
                    "resourceType": 0
                  },
                  "frontCross": null,
                  "frontCrossData": {
                    "path": "Games/GLobby/res/club/proSys/60_2.png",
                    "plistFile": "",
                    "resourceType": 0
                  },
                  "frontCrossDisabled": null,
                  "frontCrossDisabledData": {
                    "path": null,
                    "plistFile": null,
                    "resourceType": 0
                  },
                  "selectedState": true
                }
              },
              {
                "classname": "Label",
                "name": null,
                "children": [],
                "options": {
                  "__type": "LabelSurrogate:#EditorCommon.JsonModel.Component.GUI",
                  "classname": "Label",
                  "name": "Label_7",
                  "ZOrder": 0,
                  "actiontag": 12916784,
                  "anchorPointX": 0.5,
                  "anchorPointY": 0.5,
                  "classType": "CocoStudio.EngineAdapterWrap.CSLabel",
                  "colorB": 255,
                  "colorG": 255,
                  "colorR": 255,
                  "customProperty": "",
                  "flipX": false,
                  "flipY": false,
                  "height": 35,
                  "ignoreSize": true,
                  "layoutParameter": null,
                  "opacity": 255,
                  "positionPercentX": 0,
                  "positionPercentY": -0.436660677,
                  "positionType": 0,
                  "rotation": 0,
                  "scaleX": 1,
                  "scaleY": 1,
                  "sizePercentX": 0.14350453,
                  "sizePercentY": 0.0490018167,
                  "sizeType": 0,
                  "tag": 5364,
                  "touchAble": false,
                  "useMergedTexture": false,
                  "visible": true,
                  "width": 353,
                  "x": 0,
                  "y": -240,
                  "areaHeight": 0,
                  "areaWidth": 0,
                  "fontFile": null,
                  "fontName": "微软雅黑",
                  "fontSize": 26,
                  "hAlignment": 0,
                  "text": "每天推广比例修改次数只有1次",
                  "touchScaleEnable": false,
                  "vAlignment": 0
                }
              }
            ],
            "options": {
              "__type": "PanelSurrogate:#EditorCommon.JsonModel.Component.GUI",
              "classname": "Panel",
              "name": "Panel_content",
              "ZOrder": 0,
              "actiontag": 32732697,
              "anchorPointX": 0.5,
              "anchorPointY": 0.5,
              "classType": "CocoStudio.EngineAdapterWrap.CSPanel",
              "colorB": 255,
              "colorG": 255,
              "colorR": 255,
              "customProperty": "",
              "flipX": false,
              "flipY": false,
              "height": 551,
              "ignoreSize": false,
              "layoutParameter": null,
              "opacity": 255,
              "positionPercentX": 0,
              "positionPercentY": 0,
              "positionType": 0,
              "rotation": 0,
              "scaleX": 1,
              "scaleY": 1,
              "sizePercentX": 1,
              "sizePercentY": 1,
              "sizeType": 0,
              "tag": 3371,
              "touchAble": true,
              "useMergedTexture": false,
              "visible": true,
              "width": 662,
              "x": 0,
              "y": 0,
              "adaptScreen": false,
              "backGroundImage": null,
              "backGroundImageData": null,
              "backGroundScale9Enable": false,
              "bgColorB": 255,
              "bgColorG": 200,
              "bgColorOpacity": 100,
              "bgColorR": 150,
              "bgEndColorB": 255,
              "bgEndColorG": 200,
              "bgEndColorR": 150,
              "bgStartColorB": 255,
              "bgStartColorG": 255,
              "bgStartColorR": 255,
              "capInsetsHeight": 1,
              "capInsetsWidth": 1,
              "capInsetsX": 0,
              "capInsetsY": 0,
              "clipAble": false,
              "colorType": 0,
              "layoutType": 0,
              "vectorX": 0,
              "vectorY": -0.5
            }
          },
          {
            "classname": "ImageView",
            "name": null,
            "children": [],
            "options": {
              "__type": "ImageViewSurrogate:#EditorCommon.JsonModel.Component.GUI",
              "classname": "ImageView",
              "name": "Image_close",
              "ZOrder": 0,
              "actiontag": 14490162,
              "anchorPointX": 0.5,
              "anchorPointY": 0.5,
              "classType": "CocoStudio.EngineAdapterWrap.CSImageView",
              "colorB": 255,
              "colorG": 255,
              "colorR": 255,
              "customProperty": "",
              "flipX": false,
              "flipY": false,
              "height": 60,
              "ignoreSize": true,
              "layoutParameter": null,
              "opacity": 255,
              "positionPercentX": 0,
              "positionPercentY": -0.8348457,
              "positionType": 0,
              "rotation": 0,
              "scaleX": 1,
              "scaleY": 1,
              "sizePercentX": 0.09063444,
              "sizePercentY": 0.108892925,
              "sizeType": 0,
              "tag": 3369,
              "touchAble": false,
              "useMergedTexture": false,
              "visible": true,
              "width": 60,
              "x": 0,
              "y": -460,
              "capInsetsHeight": 1,
              "capInsetsWidth": 1,
              "capInsetsX": 0,
              "capInsetsY": 0,
              "fileName": null,
              "fileNameData": {
                "path": "Games/GLobby/res/club/memberManage/img_close.png",
                "plistFile": "",
                "resourceType": 0
              },
              "scale9Enable": false,
              "scale9Height": 60,
              "scale9Width": 60
            }
          },
          {
            "classname": "ImageView",
            "name": null,
            "children": [],
            "options": {
              "__type": "ImageViewSurrogate:#EditorCommon.JsonModel.Component.GUI",
              "classname": "ImageView",
              "name": "Image_confirm",
              "ZOrder": 0,
              "actiontag": 22742991,
              "anchorPointX": 0.5,
              "anchorPointY": 0.5,
              "classType": "CocoStudio.EngineAdapterWrap.CSImageView",
              "colorB": 255,
              "colorG": 255,
              "colorR": 255,
              "customProperty": "",
              "flipX": false,
              "flipY": false,
              "height": 86,
              "ignoreSize": true,
              "layoutParameter": null,
              "opacity": 255,
              "positionPercentX": 0,
              "positionPercentY": -0.2849365,
              "positionType": 0,
              "rotation": 0,
              "scaleX": 1,
              "scaleY": 1,
              "sizePercentX": 0.548338354,
              "sizePercentY": 0.156079859,
              "sizeType": 0,
              "tag": 4878,
              "touchAble": false,
              "useMergedTexture": false,
              "visible": true,
              "width": 363,
              "x": 0,
              "y": -157,
              "capInsetsHeight": 1,
              "capInsetsWidth": 1,
              "capInsetsX": 0,
              "capInsetsY": 0,
              "fileName": null,
              "fileNameData": {
                "path": "Games/GLobby/res/club/proSys/btn_queding.png",
                "plistFile": "",
                "resourceType": 0
              },
              "scale9Enable": false,
              "scale9Height": 86,
              "scale9Width": 363
            }
          }
        ],
        "options": {
          "__type": "PanelSurrogate:#EditorCommon.JsonModel.Component.GUI",
          "classname": "Panel",
          "name": "Panel_adjust",
          "ZOrder": 0,
          "actiontag": 9343477,
          "anchorPointX": 0.5,
          "anchorPointY": 0.5,
          "classType": "CocoStudio.EngineAdapterWrap.CSPanel",
          "colorB": 255,
          "colorG": 255,
          "colorR": 255,
          "customProperty": "",
          "flipX": false,
          "flipY": false,
          "height": 551,
          "ignoreSize": false,
          "layoutParameter": null,
          "opacity": 255,
          "positionPercentX": 0.5,
          "positionPercentY": 0.546875,
          "positionType": 0,
          "rotation": 0,
          "scaleX": 1,
          "scaleY": 1,
          "sizePercentX": 0.919444442,
          "sizePercentY": 0.430468738,
          "sizeType": 0,
          "tag": 2693,
          "touchAble": true,
          "useMergedTexture": false,
          "visible": true,
          "width": 662,
          "x": 360,
          "y": 700,
          "adaptScreen": false,
          "backGroundImage": null,
          "backGroundImageData": {
            "path": "Games/GLobby/res/club/proSys/bg_tgbltz.png",
            "plistFile": "",
            "resourceType": 0
          },
          "backGroundScale9Enable": false,
          "bgColorB": 255,
          "bgColorG": 200,
          "bgColorOpacity": 100,
          "bgColorR": 150,
          "bgEndColorB": 255,
          "bgEndColorG": 200,
          "bgEndColorR": 150,
          "bgStartColorB": 255,
          "bgStartColorG": 255,
          "bgStartColorR": 255,
          "capInsetsHeight": 2,
          "capInsetsWidth": 2,
          "capInsetsX": 10,
          "capInsetsY": 10,
          "clipAble": false,
          "colorType": 0,
          "layoutType": 0,
          "vectorX": 0,
          "vectorY": -0.5
        }
      }
    ],
    "options": {
      "__type": "PanelSurrogate:#EditorCommon.JsonModel.Component.GUI",
      "classname": "Panel",
      "name": "Panel_adjust_prop",
      "ZOrder": 0,
      "actiontag": -1,
      "anchorPointX": 0,
      "anchorPointY": 0,
      "classType": "CocoStudio.EngineAdapterWrap.CSPanel",
      "colorB": 255,
      "colorG": 255,
      "colorR": 255,
      "customProperty": "",
      "flipX": false,
      "flipY": false,
      "height": 1280,
      "ignoreSize": false,
      "layoutParameter": null,
      "opacity": 255,
      "positionPercentX": 0,
      "positionPercentY": 0,
      "positionType": 0,
      "rotation": 0,
      "scaleX": 1,
      "scaleY": 1,
      "sizePercentX": 1,
      "sizePercentY": 1,
      "sizeType": 0,
      "tag": 2687,
      "touchAble": true,
      "useMergedTexture": false,
      "visible": true,
      "width": 720,
      "x": 0,
      "y": 0,
      "adaptScreen": false,
      "backGroundImage": null,
      "backGroundImageData": null,
      "backGroundScale9Enable": false,
      "bgColorB": 255,
      "bgColorG": 200,
      "bgColorOpacity": 0,
      "bgColorR": 150,
      "bgEndColorB": 255,
      "bgEndColorG": 200,
      "bgEndColorR": 150,
      "bgStartColorB": 255,
      "bgStartColorG": 255,
      "bgStartColorR": 255,
      "capInsetsHeight": 1,
      "capInsetsWidth": 1,
      "capInsetsX": 0,
      "capInsetsY": 0,
      "clipAble": false,
      "colorType": 0,
      "layoutType": 0,
      "vectorX": 0,
      "vectorY": -0.5
    }
  }
}