{
  "classname": null,
  "name": null,
  "animation": {
    "classname": null,
    "name": "AnimationManager",
    "actionlist": []
  },
  "dataScale": 1,
  "designHeight": 1280,
  "designWidth": 720,
  "textures": [],
  "texturesPng": [
    "Games/GLobby/res/activity/achieve/bg_shoujidenglu.png",
    "Games/GLobby/res/activity/achieve/shurukuang.png",
    "Games/GLobby/res/club/memberManage/img_close.png",
    "Games/GLobby/res/activity/achieve/btn_hqyzm.png",
    "Games/GLobby/res/activity/achieve/button_cxfs.png",
    "Games/GLobby/res/activity/achieve/btn_denglu.png",
    "Games/GLobby/res/activity/achieve/button_bd.png"
  ],
  "version": "1.6.0.0",
  "widgetTree": {
    "classname": "Panel",
    "name": null,
    "children": [
      {
        "classname": "Panel",
        "name": null,
        "children": [],
        "options": {
          "__type": "PanelSurrogate:#EditorCommon.JsonModel.Component.GUI",
          "classname": "Panel",
          "name": "Panel_bg",
          "ZOrder": 0,
          "actiontag": 61447966,
          "anchorPointX": 0.5,
          "anchorPointY": 0.5,
          "classType": "CocoStudio.EngineAdapterWrap.CSPanel",
          "colorB": 255,
          "colorG": 255,
          "colorR": 255,
          "customProperty": "",
          "flipX": false,
          "flipY": false,
          "height": 1280,
          "ignoreSize": false,
          "layoutParameter": null,
          "opacity": 255,
          "positionPercentX": 0,
          "positionPercentY": 0,
          "positionType": 0,
          "rotation": 0,
          "scaleX": 1,
          "scaleY": 1,
          "sizePercentX": 1,
          "sizePercentY": 1,
          "sizeType": 0,
          "tag": 503,
          "touchAble": true,
          "useMergedTexture": false,
          "visible": true,
          "width": 720,
          "x": 0,
          "y": 0,
          "adaptScreen": false,
          "backGroundImage": null,
          "backGroundImageData": null,
          "backGroundScale9Enable": false,
          "bgColorB": 255,
          "bgColorG": 200,
          "bgColorOpacity": 100,
          "bgColorR": 150,
          "bgEndColorB": 255,
          "bgEndColorG": 200,
          "bgEndColorR": 150,
          "bgStartColorB": 255,
          "bgStartColorG": 255,
          "bgStartColorR": 255,
          "capInsetsHeight": 1,
          "capInsetsWidth": 1,
          "capInsetsX": 0,
          "capInsetsY": 0,
          "clipAble": false,
          "colorType": 0,
          "layoutType": 0,
          "vectorX": 0,
          "vectorY": -0.5
        }
      },
      {
        "classname": "Panel",
        "name": null,
        "children": [
          {
            "classname": "ImageView",
            "name": null,
            "children": [
              {
                "classname": "TextField",
                "name": null,
                "children": [],
                "options": {
                  "__type": "TextFieldSurrogate:#EditorCommon.JsonModel.Component.GUI",
                  "classname": "TextField",
                  "name": "TextField_phone",
                  "ZOrder": 1,
                  "actiontag": 10407619,
                  "anchorPointX": 1.49011612E-08,
                  "anchorPointY": 1.49011612E-08,
                  "classType": "CocoStudio.EngineAdapterWrap.CSTextField",
                  "colorB": 152,
                  "colorG": 152,
                  "colorR": 152,
                  "customProperty": "",
                  "flipX": false,
                  "flipY": false,
                  "height": 36,
                  "ignoreSize": true,
                  "layoutParameter": null,
                  "opacity": 255,
                  "positionPercentX": -0.209401712,
                  "positionPercentY": -0.271186441,
                  "positionType": 0,
                  "rotation": 0,
                  "scaleX": 1,
                  "scaleY": 1,
                  "sizePercentX": 0.418803424,
                  "sizePercentY": 0.6101695,
                  "sizeType": 0,
                  "tag": 506,
                  "touchAble": true,
                  "useMergedTexture": false,
                  "visible": true,
                  "width": 196,
                  "x": -98,
                  "y": -16,
                  "areaHeight": 0,
                  "areaWidth": 0,
                  "fontFile": null,
                  "fontName": "微软雅黑",
                  "fontSize": 28,
                  "maxLength": 11,
                  "maxLengthEnable": true,
                  "passwordEnable": false,
                  "passwordStyleText": "*",
                  "placeHolder": "请输入手机号码",
                  "text": ""
                }
              }
            ],
            "options": {
              "__type": "ImageViewSurrogate:#EditorCommon.JsonModel.Component.GUI",
              "classname": "ImageView",
              "name": "Image_phone_bg",
              "ZOrder": 1,
              "actiontag": 25138039,
              "anchorPointX": 0.5,
              "anchorPointY": 0.5,
              "classType": "CocoStudio.EngineAdapterWrap.CSImageView",
              "colorB": 255,
              "colorG": 255,
              "colorR": 255,
              "customProperty": "",
              "flipX": false,
              "flipY": false,
              "height": 59,
              "ignoreSize": false,
              "layoutParameter": null,
              "opacity": 255,
              "positionPercentX": 0.001510574,
              "positionPercentY": 0.16696915,
              "positionType": 0,
              "rotation": 0,
              "scaleX": 1,
              "scaleY": 1,
              "sizePercentX": 0.706948638,
              "sizePercentY": 0.107078038,
              "sizeType": 0,
              "tag": 505,
              "touchAble": false,
              "useMergedTexture": false,
              "visible": true,
              "width": 468,
              "x": 1,
              "y": 92,
              "capInsetsHeight": 2,
              "capInsetsWidth": 2,
              "capInsetsX": 10,
              "capInsetsY": 10,
              "fileName": null,
              "fileNameData": {
                "path": "Games/GLobby/res/activity/achieve/shurukuang.png",
                "plistFile": "",
                "resourceType": 0
              },
              "scale9Enable": true,
              "scale9Height": 59,
              "scale9Width": 468
            }
          },
          {
            "classname": "ImageView",
            "name": null,
            "children": [
              {
                "classname": "TextField",
                "name": null,
                "children": [],
                "options": {
                  "__type": "TextFieldSurrogate:#EditorCommon.JsonModel.Component.GUI",
                  "classname": "TextField",
                  "name": "TextField_identify_code",
                  "ZOrder": 1,
                  "actiontag": 18756192,
                  "anchorPointX": 1.49011612E-08,
                  "anchorPointY": 1.49011612E-08,
                  "classType": "CocoStudio.EngineAdapterWrap.CSTextField",
                  "colorB": 152,
                  "colorG": 152,
                  "colorR": 152,
                  "customProperty": "",
                  "flipX": false,
                  "flipY": false,
                  "height": 36,
                  "ignoreSize": true,
                  "layoutParameter": null,
                  "opacity": 255,
                  "positionPercentX": -0.317460328,
                  "positionPercentY": -0.271186441,
                  "positionType": 0,
                  "rotation": 0,
                  "scaleX": 1,
                  "scaleY": 1,
                  "sizePercentX": 0.6666667,
                  "sizePercentY": 0.6101695,
                  "sizeType": 0,
                  "tag": 10665,
                  "touchAble": true,
                  "useMergedTexture": false,
                  "visible": true,
                  "width": 168,
                  "x": -80,
                  "y": -16,
                  "areaHeight": 0,
                  "areaWidth": 0,
                  "fontFile": null,
                  "fontName": "微软雅黑",
                  "fontSize": 28,
                  "maxLength": 6,
                  "maxLengthEnable": true,
                  "passwordEnable": false,
                  "passwordStyleText": "*",
                  "placeHolder": "请输入验证码",
                  "text": ""
                }
              }
            ],
            "options": {
              "__type": "ImageViewSurrogate:#EditorCommon.JsonModel.Component.GUI",
              "classname": "ImageView",
              "name": "Image_iden_bg",
              "ZOrder": 1,
              "actiontag": 66762256,
              "anchorPointX": 0.5,
              "anchorPointY": 0.5,
              "classType": "CocoStudio.EngineAdapterWrap.CSImageView",
              "colorB": 255,
              "colorG": 255,
              "colorR": 255,
              "customProperty": "",
              "flipX": false,
              "flipY": false,
              "height": 59,
              "ignoreSize": false,
              "layoutParameter": null,
              "opacity": 255,
              "positionPercentX": -0.163142,
              "positionPercentY": -0.03629764,
              "positionType": 0,
              "rotation": 0,
              "scaleX": 1,
              "scaleY": 1,
              "sizePercentX": 0.380664647,
              "sizePercentY": 0.107078038,
              "sizeType": 0,
              "tag": 10515,
              "touchAble": false,
              "useMergedTexture": false,
              "visible": true,
              "width": 252,
              "x": -108,
              "y": -20,
              "capInsetsHeight": 2,
              "capInsetsWidth": 2,
              "capInsetsX": 10,
              "capInsetsY": 10,
              "fileName": null,
              "fileNameData": {
                "path": "Games/GLobby/res/activity/achieve/shurukuang.png",
                "plistFile": "",
                "resourceType": 0
              },
              "scale9Enable": true,
              "scale9Height": 59,
              "scale9Width": 252
            }
          },
          {
            "classname": "ImageView",
            "name": null,
            "children": [],
            "options": {
              "__type": "ImageViewSurrogate:#EditorCommon.JsonModel.Component.GUI",
              "classname": "ImageView",
              "name": "Image_close",
              "ZOrder": 0,
              "actiontag": 61270825,
              "anchorPointX": 0.5,
              "anchorPointY": 0.5,
              "classType": "CocoStudio.EngineAdapterWrap.CSImageView",
              "colorB": 255,
              "colorG": 255,
              "colorR": 255,
              "customProperty": "",
              "flipX": false,
              "flipY": false,
              "height": 60,
              "ignoreSize": true,
              "layoutParameter": null,
              "opacity": 255,
              "positionPercentX": 0.001510574,
              "positionPercentY": -0.6352087,
              "positionType": 0,
              "rotation": 0,
              "scaleX": 1,
              "scaleY": 1,
              "sizePercentX": 0.09063444,
              "sizePercentY": 0.108892925,
              "sizeType": 0,
              "tag": 2949,
              "touchAble": false,
              "useMergedTexture": false,
              "visible": true,
              "width": 60,
              "x": 1,
              "y": -350,
              "capInsetsHeight": 1,
              "capInsetsWidth": 1,
              "capInsetsX": 0,
              "capInsetsY": 0,
              "fileName": null,
              "fileNameData": {
                "path": "Games/GLobby/res/club/memberManage/img_close.png",
                "plistFile": "",
                "resourceType": 0
              },
              "scale9Enable": false,
              "scale9Height": 60,
              "scale9Width": 60
            }
          },
          {
            "classname": "ImageView",
            "name": null,
            "children": [],
            "options": {
              "__type": "ImageViewSurrogate:#EditorCommon.JsonModel.Component.GUI",
              "classname": "ImageView",
              "name": "Image_get_code",
              "ZOrder": 0,
              "actiontag": 31982717,
              "anchorPointX": 0.5,
              "anchorPointY": 0.5,
              "classType": "CocoStudio.EngineAdapterWrap.CSImageView",
              "colorB": 255,
              "colorG": 255,
              "colorR": 255,
              "customProperty": "",
              "flipX": false,
              "flipY": false,
              "height": 55,
              "ignoreSize": true,
              "layoutParameter": null,
              "opacity": 255,
              "positionPercentX": 0.199395776,
              "positionPercentY": -0.03629764,
              "positionType": 0,
              "rotation": 0,
              "scaleX": 1,
              "scaleY": 1,
              "sizePercentX": 0.2960725,
              "sizePercentY": 0.09981851,
              "sizeType": 0,
              "tag": 7492,
              "touchAble": false,
              "useMergedTexture": false,
              "visible": true,
              "width": 196,
              "x": 132,
              "y": -20,
              "capInsetsHeight": 1,
              "capInsetsWidth": 1,
              "capInsetsX": 0,
              "capInsetsY": 0,
              "fileName": null,
              "fileNameData": {
                "path": "Games/GLobby/res/activity/achieve/btn_hqyzm.png",
                "plistFile": "",
                "resourceType": 0
              },
              "scale9Enable": false,
              "scale9Height": 55,
              "scale9Width": 196
            }
          },
          {
            "classname": "ImageView",
            "name": null,
            "children": [
              {
                "classname": "Label",
                "name": null,
                "children": [],
                "options": {
                  "__type": "LabelSurrogate:#EditorCommon.JsonModel.Component.GUI",
                  "classname": "Label",
                  "name": "Label_count_down",
                  "ZOrder": 0,
                  "actiontag": 31022019,
                  "anchorPointX": 0.5,
                  "anchorPointY": 0.5,
                  "classType": "CocoStudio.EngineAdapterWrap.CSLabel",
                  "colorB": 231,
                  "colorG": 231,
                  "colorR": 231,
                  "customProperty": "",
                  "flipX": false,
                  "flipY": false,
                  "height": 35,
                  "ignoreSize": true,
                  "layoutParameter": null,
                  "opacity": 255,
                  "positionPercentX": 0.306122452,
                  "positionPercentY": 0,
                  "positionType": 0,
                  "rotation": 0,
                  "scaleX": 1,
                  "scaleY": 1,
                  "sizePercentX": 0.306122452,
                  "sizePercentY": 0.6363636,
                  "sizeType": 0,
                  "tag": 10520,
                  "touchAble": false,
                  "useMergedTexture": false,
                  "visible": true,
                  "width": 60,
                  "x": 60,
                  "y": 0,
                  "areaHeight": 0,
                  "areaWidth": 0,
                  "fontFile": null,
                  "fontName": "微软雅黑",
                  "fontSize": 26,
                  "hAlignment": 0,
                  "text": "(60s)",
                  "touchScaleEnable": false,
                  "vAlignment": 0
                }
              }
            ],
            "options": {
              "__type": "ImageViewSurrogate:#EditorCommon.JsonModel.Component.GUI",
              "classname": "ImageView",
              "name": "Image_again_send",
              "ZOrder": 0,
              "actiontag": 23231516,
              "anchorPointX": 0.5,
              "anchorPointY": 0.5,
              "classType": "CocoStudio.EngineAdapterWrap.CSImageView",
              "colorB": 255,
              "colorG": 255,
              "colorR": 255,
              "customProperty": "",
              "flipX": false,
              "flipY": false,
              "height": 55,
              "ignoreSize": true,
              "layoutParameter": null,
              "opacity": 255,
              "positionPercentX": 0.199395776,
              "positionPercentY": -0.03629764,
              "positionType": 0,
              "rotation": 0,
              "scaleX": 1,
              "scaleY": 1,
              "sizePercentX": 0.2960725,
              "sizePercentY": 0.09981851,
              "sizeType": 0,
              "tag": 10519,
              "touchAble": false,
              "useMergedTexture": false,
              "visible": false,
              "width": 196,
              "x": 132,
              "y": -20,
              "capInsetsHeight": 1,
              "capInsetsWidth": 1,
              "capInsetsX": 0,
              "capInsetsY": 0,
              "fileName": null,
              "fileNameData": {
                "path": "Games/GLobby/res/activity/achieve/button_cxfs.png",
                "plistFile": "",
                "resourceType": 0
              },
              "scale9Enable": false,
              "scale9Height": 55,
              "scale9Width": 196
            }
          },
          {
            "classname": "Label",
            "name": null,
            "children": [],
            "options": {
              "__type": "LabelSurrogate:#EditorCommon.JsonModel.Component.GUI",
              "classname": "Label",
              "name": "Label_title",
              "ZOrder": 0,
              "actiontag": 249531,
              "anchorPointX": 0.5,
              "anchorPointY": 0.5,
              "classType": "CocoStudio.EngineAdapterWrap.CSLabel",
              "colorB": 93,
              "colorG": 180,
              "colorR": 221,
              "customProperty": "",
              "flipX": false,
              "flipY": false,
              "height": 0,
              "ignoreSize": true,
              "layoutParameter": null,
              "opacity": 255,
              "positionPercentX": 0,
              "positionPercentY": 0.417422861,
              "positionType": 0,
              "rotation": 0,
              "scaleX": 1,
              "scaleY": 1,
              "sizePercentX": 1.510574E-05,
              "sizePercentY": 1.814882E-05,
              "sizeType": 0,
              "tag": 10530,
              "touchAble": false,
              "useMergedTexture": false,
              "visible": true,
              "width": 0,
              "x": 0,
              "y": 230,
              "areaHeight": 0,
              "areaWidth": 0,
              "fontFile": null,
              "fontName": "微软雅黑",
              "fontSize": 34,
              "hAlignment": 0,
              "text": "",
              "touchScaleEnable": false,
              "vAlignment": 0
            }
          },
          {
            "classname": "ImageView",
            "name": null,
            "children": [],
            "options": {
              "__type": "ImageViewSurrogate:#EditorCommon.JsonModel.Component.GUI",
              "classname": "ImageView",
              "name": "Image_login",
              "ZOrder": 0,
              "actiontag": 31232256,
              "anchorPointX": 0.5,
              "anchorPointY": 0.5,
              "classType": "CocoStudio.EngineAdapterWrap.CSImageView",
              "colorB": 255,
              "colorG": 255,
              "colorR": 255,
              "customProperty": "",
              "flipX": false,
              "flipY": false,
              "height": 86,
              "ignoreSize": true,
              "layoutParameter": null,
              "opacity": 255,
              "positionPercentX": 0,
              "positionPercentY": -0.290381134,
              "positionType": 0,
              "rotation": 0,
              "scaleX": 1,
              "scaleY": 1,
              "sizePercentX": 0.548338354,
              "sizePercentY": 0.156079859,
              "sizeType": 0,
              "tag": 10533,
              "touchAble": false,
              "useMergedTexture": false,
              "visible": true,
              "width": 363,
              "x": 0,
              "y": -160,
              "capInsetsHeight": 1,
              "capInsetsWidth": 1,
              "capInsetsX": 0,
              "capInsetsY": 0,
              "fileName": null,
              "fileNameData": {
                "path": "Games/GLobby/res/activity/achieve/btn_denglu.png",
                "plistFile": "",
                "resourceType": 0
              },
              "scale9Enable": false,
              "scale9Height": 86,
              "scale9Width": 363
            }
          },
          {
            "classname": "ImageView",
            "name": null,
            "children": [],
            "options": {
              "__type": "ImageViewSurrogate:#EditorCommon.JsonModel.Component.GUI",
              "classname": "ImageView",
              "name": "Image_bind",
              "ZOrder": 0,
              "actiontag": 7214710,
              "anchorPointX": 0.5,
              "anchorPointY": 0.5,
              "classType": "CocoStudio.EngineAdapterWrap.CSImageView",
              "colorB": 255,
              "colorG": 255,
              "colorR": 255,
              "customProperty": "",
              "flipX": false,
              "flipY": false,
              "height": 87,
              "ignoreSize": true,
              "layoutParameter": null,
              "opacity": 255,
              "positionPercentX": 0,
              "positionPercentY": -0.290381134,
              "positionType": 0,
              "rotation": 0,
              "scaleX": 1,
              "scaleY": 1,
              "sizePercentX": 0.5468278,
              "sizePercentY": 0.157894731,
              "sizeType": 0,
              "tag": 504,
              "touchAble": false,
              "useMergedTexture": false,
              "visible": false,
              "width": 362,
              "x": 0,
              "y": -160,
              "capInsetsHeight": 1,
              "capInsetsWidth": 1,
              "capInsetsX": 0,
              "capInsetsY": 0,
              "fileName": null,
              "fileNameData": {
                "path": "Games/GLobby/res/activity/achieve/button_bd.png",
                "plistFile": "",
                "resourceType": 0
              },
              "scale9Enable": false,
              "scale9Height": 87,
              "scale9Width": 362
            }
          }
        ],
        "options": {
          "__type": "PanelSurrogate:#EditorCommon.JsonModel.Component.GUI",
          "classname": "Panel",
          "name": "Panel_bind",
          "ZOrder": 1,
          "actiontag": 24279925,
          "anchorPointX": 0.5,
          "anchorPointY": 0.5,
          "classType": "CocoStudio.EngineAdapterWrap.CSPanel",
          "colorB": 255,
          "colorG": 255,
          "colorR": 255,
          "customProperty": "",
          "flipX": false,
          "flipY": false,
          "height": 551,
          "ignoreSize": false,
          "layoutParameter": null,
          "opacity": 255,
          "positionPercentX": 0,
          "positionPercentY": 0,
          "positionType": 0,
          "rotation": 0,
          "scaleX": 1,
          "scaleY": 1,
          "sizePercentX": 0.919444442,
          "sizePercentY": 0.430468738,
          "sizeType": 0,
          "tag": 502,
          "touchAble": true,
          "useMergedTexture": false,
          "visible": true,
          "width": 662,
          "x": 0,
          "y": 0,
          "adaptScreen": false,
          "backGroundImage": null,
          "backGroundImageData": {
            "path": "Games/GLobby/res/activity/achieve/bg_shoujidenglu.png",
            "plistFile": "",
            "resourceType": 0
          },
          "backGroundScale9Enable": false,
          "bgColorB": 255,
          "bgColorG": 200,
          "bgColorOpacity": 100,
          "bgColorR": 150,
          "bgEndColorB": 255,
          "bgEndColorG": 200,
          "bgEndColorR": 150,
          "bgStartColorB": 255,
          "bgStartColorG": 255,
          "bgStartColorR": 255,
          "capInsetsHeight": 2,
          "capInsetsWidth": 2,
          "capInsetsX": 10,
          "capInsetsY": 10,
          "clipAble": false,
          "colorType": 0,
          "layoutType": 0,
          "vectorX": 0,
          "vectorY": -0.5
        }
      }
    ],
    "options": {
      "__type": "PanelSurrogate:#EditorCommon.JsonModel.Component.GUI",
      "classname": "Panel",
      "name": "Panel_bind_phone",
      "ZOrder": 0,
      "actiontag": -1,
      "anchorPointX": 0.5,
      "anchorPointY": 0.5,
      "classType": "CocoStudio.EngineAdapterWrap.CSPanel",
      "colorB": 255,
      "colorG": 255,
      "colorR": 255,
      "customProperty": "",
      "flipX": false,
      "flipY": false,
      "height": 1280,
      "ignoreSize": false,
      "layoutParameter": null,
      "opacity": 255,
      "positionPercentX": 0,
      "positionPercentY": 0,
      "positionType": 0,
      "rotation": 0,
      "scaleX": 1,
      "scaleY": 1,
      "sizePercentX": 1,
      "sizePercentY": 1,
      "sizeType": 0,
      "tag": 500,
      "touchAble": true,
      "useMergedTexture": false,
      "visible": true,
      "width": 720,
      "x": 360,
      "y": 640,
      "adaptScreen": false,
      "backGroundImage": null,
      "backGroundImageData": null,
      "backGroundScale9Enable": false,
      "bgColorB": 255,
      "bgColorG": 200,
      "bgColorOpacity": 0,
      "bgColorR": 150,
      "bgEndColorB": 255,
      "bgEndColorG": 200,
      "bgEndColorR": 150,
      "bgStartColorB": 255,
      "bgStartColorG": 255,
      "bgStartColorR": 255,
      "capInsetsHeight": 1,
      "capInsetsWidth": 1,
      "capInsetsX": 0,
      "capInsetsY": 0,
      "clipAble": false,
      "colorType": 1,
      "layoutType": 0,
      "vectorX": 0,
      "vectorY": -0.5
    }
  }
}