{
  "classname": null,
  "name": null,
  "animation": {
    "classname": null,
    "name": "AnimationManager",
    "actionlist": []
  },
  "dataScale": 1,
  "designHeight": 1280,
  "designWidth": 720,
  "textures": [],
  "texturesPng": [
    "Games/GLobby/res/common/bg.png",
    "Games/GLobby/res/activity/backpack/img_hj_yulei.png",
    "Games/GLobby/res/activity/backpack/ico_jiaobiao.png",
    "Games/GLobby/res/activity/backpack/img_zs_yulei.png",
    "Games/GLobby/res/activity/backpack/img_bag.png",
    "Games/GLobby/res/activity/backpack/bg.png",
    "Games/GLobby/res/activity/backpack/button_zsjl.png",
    "Games/GLobby/res/activity/backpack/bg_xiangqing.png",
    "Games/GLobby/res/activity/backpack/button_zs.png",
    "Games/GLobby/res/activity/backpack/button_hqtj.png",
    "Games/GLobby/res/activity/backpack/img_zwsj.png",
    "Games/GLobby/res/activity/backpack/txt1.png"
  ],
  "version": "1.6.0.0",
  "widgetTree": {
    "classname": "Panel",
    "name": null,
    "children": [
      {
        "classname": "ImageView",
        "name": null,
        "children": [],
        "options": {
          "__type": "ImageViewSurrogate:#EditorCommon.JsonModel.Component.GUI",
          "classname": "ImageView",
          "name": "Image_bg",
          "ZOrder": 0,
          "actiontag": 9770131,
          "anchorPointX": 0.5,
          "anchorPointY": 0.5,
          "classType": "CocoStudio.EngineAdapterWrap.CSImageView",
          "colorB": 255,
          "colorG": 255,
          "colorR": 255,
          "customProperty": "",
          "flipX": false,
          "flipY": false,
          "height": 1280,
          "ignoreSize": false,
          "layoutParameter": null,
          "opacity": 255,
          "positionPercentX": 0.498611122,
          "positionPercentY": 0.499218762,
          "positionType": 0,
          "rotation": 0,
          "scaleX": 1,
          "scaleY": 1,
          "sizePercentX": 1,
          "sizePercentY": 1,
          "sizeType": 0,
          "tag": 1550,
          "touchAble": false,
          "useMergedTexture": false,
          "visible": true,
          "width": 720,
          "x": 359,
          "y": 639,
          "capInsetsHeight": 2,
          "capInsetsWidth": 2,
          "capInsetsX": 10,
          "capInsetsY": 10,
          "fileName": null,
          "fileNameData": {
            "path": "Games/GLobby/res/common/bg.png",
            "plistFile": "",
            "resourceType": 0
          },
          "scale9Enable": true,
          "scale9Height": 1280,
          "scale9Width": 720
        }
      },
      {
        "classname": "Panel",
        "name": null,
        "children": [
          {
            "classname": "ImageView",
            "name": null,
            "children": [
              {
                "classname": "Label",
                "name": null,
                "children": [],
                "options": {
                  "__type": "LabelSurrogate:#EditorCommon.JsonModel.Component.GUI",
                  "classname": "Label",
                  "name": "Label_name_1",
                  "ZOrder": 0,
                  "actiontag": 46115398,
                  "anchorPointX": 0.5,
                  "anchorPointY": 0.5,
                  "classType": "CocoStudio.EngineAdapterWrap.CSLabel",
                  "colorB": 218,
                  "colorG": 240,
                  "colorR": 238,
                  "customProperty": "",
                  "flipX": false,
                  "flipY": false,
                  "height": 36,
                  "ignoreSize": true,
                  "layoutParameter": null,
                  "opacity": 255,
                  "positionPercentX": 0,
                  "positionPercentY": -0.631577134,
                  "positionType": 0,
                  "rotation": 0,
                  "scaleX": 1,
                  "scaleY": 1,
                  "sizePercentX": 0.5974843,
                  "sizePercentY": 0.169811323,
                  "sizeType": 0,
                  "tag": 10297,
                  "touchAble": false,
                  "useMergedTexture": false,
                  "visible": true,
                  "width": 112,
                  "x": 0,
                  "y": -100,
                  "areaHeight": 0,
                  "areaWidth": 0,
                  "fontFile": null,
                  "fontName": "微软雅黑",
                  "fontSize": 28,
                  "hAlignment": 0,
                  "text": "黄金鱼雷",
                  "touchScaleEnable": false,
                  "vAlignment": 0
                }
              },
              {
                "classname": "Label",
                "name": null,
                "children": [],
                "options": {
                  "__type": "LabelSurrogate:#EditorCommon.JsonModel.Component.GUI",
                  "classname": "Label",
                  "name": "Label_num_1",
                  "ZOrder": 1,
                  "actiontag": 24239317,
                  "anchorPointX": 0.5,
                  "anchorPointY": 0.5,
                  "classType": "CocoStudio.EngineAdapterWrap.CSLabel",
                  "colorB": 37,
                  "colorG": 21,
                  "colorR": 13,
                  "customProperty": "",
                  "flipX": false,
                  "flipY": false,
                  "height": 0,
                  "ignoreSize": true,
                  "layoutParameter": null,
                  "opacity": 255,
                  "positionPercentX": 0.245283023,
                  "positionPercentY": -0.3836478,
                  "positionType": 0,
                  "rotation": 0,
                  "scaleX": 1,
                  "scaleY": 1,
                  "sizePercentX": 0.490566045,
                  "sizePercentY": 0.2264151,
                  "sizeType": 0,
                  "tag": 10299,
                  "touchAble": false,
                  "useMergedTexture": false,
                  "visible": true,
                  "width": 0,
                  "x": 39,
                  "y": -61,
                  "areaHeight": 0,
                  "areaWidth": 0,
                  "fontFile": null,
                  "fontName": "微软雅黑",
                  "fontSize": 28,
                  "hAlignment": 0,
                  "text": "",
                  "touchScaleEnable": false,
                  "vAlignment": 0
                }
              },
              {
                "classname": "ImageView",
                "name": null,
                "children": [],
                "options": {
                  "__type": "ImageViewSurrogate:#EditorCommon.JsonModel.Component.GUI",
                  "classname": "ImageView",
                  "name": "Image_num_bg",
                  "ZOrder": 0,
                  "actiontag": 20168507,
                  "anchorPointX": 1,
                  "anchorPointY": 0.5,
                  "classType": "CocoStudio.EngineAdapterWrap.CSImageView",
                  "colorB": 255,
                  "colorG": 255,
                  "colorR": 255,
                  "customProperty": "",
                  "flipX": false,
                  "flipY": false,
                  "height": 36,
                  "ignoreSize": false,
                  "layoutParameter": null,
                  "opacity": 255,
                  "positionPercentX": 0.496855348,
                  "positionPercentY": -0.3836478,
                  "positionType": 0,
                  "rotation": 0,
                  "scaleX": 1,
                  "scaleY": 1,
                  "sizePercentX": 0.490566045,
                  "sizePercentY": 0.2264151,
                  "sizeType": 0,
                  "tag": 10365,
                  "touchAble": false,
                  "useMergedTexture": false,
                  "visible": true,
                  "width": 78,
                  "x": 79,
                  "y": -61,
                  "capInsetsHeight": 1,
                  "capInsetsWidth": 1,
                  "capInsetsX": 10,
                  "capInsetsY": 10,
                  "fileName": null,
                  "fileNameData": {
                    "path": "Games/GLobby/res/activity/backpack/ico_jiaobiao.png",
                    "plistFile": "",
                    "resourceType": 0
                  },
                  "scale9Enable": true,
                  "scale9Height": 36,
                  "scale9Width": 78
                }
              }
            ],
            "options": {
              "__type": "ImageViewSurrogate:#EditorCommon.JsonModel.Component.GUI",
              "classname": "ImageView",
              "name": "Image_item_1",
              "ZOrder": 0,
              "actiontag": 55675228,
              "anchorPointX": 0.5,
              "anchorPointY": 0.5,
              "classType": "CocoStudio.EngineAdapterWrap.CSImageView",
              "colorB": 255,
              "colorG": 255,
              "colorR": 255,
              "customProperty": "",
              "flipX": false,
              "flipY": false,
              "height": 159,
              "ignoreSize": true,
              "layoutParameter": null,
              "opacity": 255,
              "positionPercentX": -0.317129731,
              "positionPercentY": 0.7613328,
              "positionType": 0,
              "rotation": 0,
              "scaleX": 1,
              "scaleY": 1,
              "sizePercentX": 0.2777778,
              "sizePercentY": 0.4,
              "sizeType": 0,
              "tag": 10276,
              "touchAble": false,
              "useMergedTexture": false,
              "visible": true,
              "width": 159,
              "x": -228,
              "y": 380,
              "capInsetsHeight": 1,
              "capInsetsWidth": 1,
              "capInsetsX": 0,
              "capInsetsY": 0,
              "fileName": null,
              "fileNameData": {
                "path": "Games/GLobby/res/activity/backpack/img_hj_yulei.png",
                "plistFile": "",
                "resourceType": 0
              },
              "scale9Enable": false,
              "scale9Height": 159,
              "scale9Width": 159
            }
          },
          {
            "classname": "ImageView",
            "name": null,
            "children": [
              {
                "classname": "Label",
                "name": null,
                "children": [],
                "options": {
                  "__type": "LabelSurrogate:#EditorCommon.JsonModel.Component.GUI",
                  "classname": "Label",
                  "name": "Label_name_2",
                  "ZOrder": 0,
                  "actiontag": 60495148,
                  "anchorPointX": 0.5,
                  "anchorPointY": 0.5,
                  "classType": "CocoStudio.EngineAdapterWrap.CSLabel",
                  "colorB": 218,
                  "colorG": 240,
                  "colorR": 238,
                  "customProperty": "",
                  "flipX": false,
                  "flipY": false,
                  "height": 36,
                  "ignoreSize": true,
                  "layoutParameter": null,
                  "opacity": 255,
                  "positionPercentX": 0,
                  "positionPercentY": -0.6289308,
                  "positionType": 0,
                  "rotation": 0,
                  "scaleX": 1,
                  "scaleY": 1,
                  "sizePercentX": 0.5974843,
                  "sizePercentY": 0.169811323,
                  "sizeType": 0,
                  "tag": 10301,
                  "touchAble": false,
                  "useMergedTexture": false,
                  "visible": true,
                  "width": 112,
                  "x": 0,
                  "y": -100,
                  "areaHeight": 0,
                  "areaWidth": 0,
                  "fontFile": null,
                  "fontName": "微软雅黑",
                  "fontSize": 28,
                  "hAlignment": 0,
                  "text": "钻石鱼雷",
                  "touchScaleEnable": false,
                  "vAlignment": 0
                }
              },
              {
                "classname": "Label",
                "name": null,
                "children": [],
                "options": {
                  "__type": "LabelSurrogate:#EditorCommon.JsonModel.Component.GUI",
                  "classname": "Label",
                  "name": "Label_num_2",
                  "ZOrder": 1,
                  "actiontag": 48773189,
                  "anchorPointX": 0.5,
                  "anchorPointY": 0.5,
                  "classType": "CocoStudio.EngineAdapterWrap.CSLabel",
                  "colorB": 37,
                  "colorG": 21,
                  "colorR": 13,
                  "customProperty": "",
                  "flipX": false,
                  "flipY": false,
                  "height": 0,
                  "ignoreSize": true,
                  "layoutParameter": null,
                  "opacity": 255,
                  "positionPercentX": 0.245283023,
                  "positionPercentY": -0.3836478,
                  "positionType": 0,
                  "rotation": 0,
                  "scaleX": 1,
                  "scaleY": 1,
                  "sizePercentX": 0.5974843,
                  "sizePercentY": 0.169811323,
                  "sizeType": 0,
                  "tag": 10303,
                  "touchAble": false,
                  "useMergedTexture": false,
                  "visible": true,
                  "width": 0,
                  "x": 39,
                  "y": -61,
                  "areaHeight": 0,
                  "areaWidth": 0,
                  "fontFile": null,
                  "fontName": "微软雅黑",
                  "fontSize": 28,
                  "hAlignment": 0,
                  "text": "",
                  "touchScaleEnable": false,
                  "vAlignment": 0
                }
              },
              {
                "classname": "ImageView",
                "name": null,
                "children": [],
                "options": {
                  "__type": "ImageViewSurrogate:#EditorCommon.JsonModel.Component.GUI",
                  "classname": "ImageView",
                  "name": "Image_num_bg",
                  "ZOrder": 0,
                  "actiontag": 6030809,
                  "anchorPointX": 1,
                  "anchorPointY": 0.5,
                  "classType": "CocoStudio.EngineAdapterWrap.CSImageView",
                  "colorB": 255,
                  "colorG": 255,
                  "colorR": 255,
                  "customProperty": "",
                  "flipX": false,
                  "flipY": false,
                  "height": 36,
                  "ignoreSize": false,
                  "layoutParameter": null,
                  "opacity": 255,
                  "positionPercentX": 0.496855348,
                  "positionPercentY": -0.3836478,
                  "positionType": 0,
                  "rotation": 0,
                  "scaleX": 1,
                  "scaleY": 1,
                  "sizePercentX": 0.490566045,
                  "sizePercentY": 0.2264151,
                  "sizeType": 0,
                  "tag": 10529,
                  "touchAble": false,
                  "useMergedTexture": false,
                  "visible": true,
                  "width": 78,
                  "x": 79,
                  "y": -61,
                  "capInsetsHeight": 1,
                  "capInsetsWidth": 1,
                  "capInsetsX": 10,
                  "capInsetsY": 10,
                  "fileName": null,
                  "fileNameData": {
                    "path": "Games/GLobby/res/activity/backpack/ico_jiaobiao.png",
                    "plistFile": "",
                    "resourceType": 0
                  },
                  "scale9Enable": true,
                  "scale9Height": 36,
                  "scale9Width": 78
                }
              }
            ],
            "options": {
              "__type": "ImageViewSurrogate:#EditorCommon.JsonModel.Component.GUI",
              "classname": "ImageView",
              "name": "Image_item_2",
              "ZOrder": 0,
              "actiontag": 42459294,
              "anchorPointX": 0.5,
              "anchorPointY": 0.5,
              "classType": "CocoStudio.EngineAdapterWrap.CSImageView",
              "colorB": 255,
              "colorG": 255,
              "colorR": 255,
              "customProperty": "",
              "flipX": false,
              "flipY": false,
              "height": 159,
              "ignoreSize": true,
              "layoutParameter": null,
              "opacity": 255,
              "positionPercentX": 0,
              "positionPercentY": 0.7613327,
              "positionType": 0,
              "rotation": 0,
              "scaleX": 1,
              "scaleY": 1,
              "sizePercentX": 0.2777778,
              "sizePercentY": 0.4,
              "sizeType": 0,
              "tag": 10278,
              "touchAble": false,
              "useMergedTexture": false,
              "visible": true,
              "width": 159,
              "x": 0,
              "y": 380,
              "capInsetsHeight": 1,
              "capInsetsWidth": 1,
              "capInsetsX": 0,
              "capInsetsY": 0,
              "fileName": null,
              "fileNameData": {
                "path": "Games/GLobby/res/activity/backpack/img_zs_yulei.png",
                "plistFile": "",
                "resourceType": 0
              },
              "scale9Enable": false,
              "scale9Height": 159,
              "scale9Width": 159
            }
          },
          {
            "classname": "ImageView",
            "name": null,
            "children": [
              {
                "classname": "Label",
                "name": null,
                "children": [],
                "options": {
                  "__type": "LabelSurrogate:#EditorCommon.JsonModel.Component.GUI",
                  "classname": "Label",
                  "name": "Label_name_3",
                  "ZOrder": 0,
                  "actiontag": 59831061,
                  "anchorPointX": 0.5,
                  "anchorPointY": 0.5,
                  "classType": "CocoStudio.EngineAdapterWrap.CSLabel",
                  "colorB": 218,
                  "colorG": 240,
                  "colorR": 238,
                  "customProperty": "",
                  "flipX": false,
                  "flipY": false,
                  "height": 36,
                  "ignoreSize": true,
                  "layoutParameter": null,
                  "opacity": 255,
                  "positionPercentX": 0,
                  "positionPercentY": -0.6289308,
                  "positionType": 0,
                  "rotation": 0,
                  "scaleX": 1,
                  "scaleY": 1,
                  "sizePercentX": 0.5974843,
                  "sizePercentY": 0.169811323,
                  "sizeType": 0,
                  "tag": 10305,
                  "touchAble": false,
                  "useMergedTexture": false,
                  "visible": false,
                  "width": 112,
                  "x": 0,
                  "y": -100,
                  "areaHeight": 0,
                  "areaWidth": 0,
                  "fontFile": null,
                  "fontName": "微软雅黑",
                  "fontSize": 28,
                  "hAlignment": 0,
                  "text": "钻石鱼雷",
                  "touchScaleEnable": false,
                  "vAlignment": 0
                }
              },
              {
                "classname": "Label",
                "name": null,
                "children": [],
                "options": {
                  "__type": "LabelSurrogate:#EditorCommon.JsonModel.Component.GUI",
                  "classname": "Label",
                  "name": "Label_num_3",
                  "ZOrder": 0,
                  "actiontag": 17868166,
                  "anchorPointX": 1,
                  "anchorPointY": 0.5,
                  "classType": "CocoStudio.EngineAdapterWrap.CSLabel",
                  "colorB": 37,
                  "colorG": 21,
                  "colorR": 13,
                  "customProperty": "",
                  "flipX": false,
                  "flipY": false,
                  "height": 36,
                  "ignoreSize": true,
                  "layoutParameter": null,
                  "opacity": 255,
                  "positionPercentX": 0.4779874,
                  "positionPercentY": -0.36477986,
                  "positionType": 0,
                  "rotation": 0,
                  "scaleX": 1,
                  "scaleY": 1,
                  "sizePercentX": 0.5974843,
                  "sizePercentY": 0.169811323,
                  "sizeType": 0,
                  "tag": 10307,
                  "touchAble": false,
                  "useMergedTexture": false,
                  "visible": false,
                  "width": 94,
                  "x": 76,
                  "y": -58,
                  "areaHeight": 0,
                  "areaWidth": 0,
                  "fontFile": null,
                  "fontName": "微软雅黑",
                  "fontSize": 28,
                  "hAlignment": 0,
                  "text": "x10000",
                  "touchScaleEnable": false,
                  "vAlignment": 0
                }
              }
            ],
            "options": {
              "__type": "ImageViewSurrogate:#EditorCommon.JsonModel.Component.GUI",
              "classname": "ImageView",
              "name": "Image_item_3",
              "ZOrder": 0,
              "actiontag": 67016250,
              "anchorPointX": 0.5,
              "anchorPointY": 0.5,
              "classType": "CocoStudio.EngineAdapterWrap.CSImageView",
              "colorB": 255,
              "colorG": 255,
              "colorR": 255,
              "customProperty": "",
              "flipX": false,
              "flipY": false,
              "height": 159,
              "ignoreSize": true,
              "layoutParameter": null,
              "opacity": 255,
              "positionPercentX": 0.317129523,
              "positionPercentY": 0.7613327,
              "positionType": 0,
              "rotation": 0,
              "scaleX": 1,
              "scaleY": 1,
              "sizePercentX": 0.2777778,
              "sizePercentY": 0.4,
              "sizeType": 0,
              "tag": 10279,
              "touchAble": false,
              "useMergedTexture": false,
              "visible": true,
              "width": 159,
              "x": 228,
              "y": 380,
              "capInsetsHeight": 1,
              "capInsetsWidth": 1,
              "capInsetsX": 0,
              "capInsetsY": 0,
              "fileName": null,
              "fileNameData": {
                "path": "Games/GLobby/res/activity/backpack/img_bag.png",
                "plistFile": "",
                "resourceType": 0
              },
              "scale9Enable": false,
              "scale9Height": 159,
              "scale9Width": 159
            }
          },
          {
            "classname": "ImageView",
            "name": null,
            "children": [
              {
                "classname": "Label",
                "name": null,
                "children": [],
                "options": {
                  "__type": "LabelSurrogate:#EditorCommon.JsonModel.Component.GUI",
                  "classname": "Label",
                  "name": "Label_name_4",
                  "ZOrder": 0,
                  "actiontag": 31255589,
                  "anchorPointX": 0.5,
                  "anchorPointY": 0.5,
                  "classType": "CocoStudio.EngineAdapterWrap.CSLabel",
                  "colorB": 218,
                  "colorG": 240,
                  "colorR": 238,
                  "customProperty": "",
                  "flipX": false,
                  "flipY": false,
                  "height": 36,
                  "ignoreSize": true,
                  "layoutParameter": null,
                  "opacity": 255,
                  "positionPercentX": 0,
                  "positionPercentY": -0.6289308,
                  "positionType": 0,
                  "rotation": 0,
                  "scaleX": 1,
                  "scaleY": 1,
                  "sizePercentX": 0.5974843,
                  "sizePercentY": 0.169811323,
                  "sizeType": 0,
                  "tag": 10309,
                  "touchAble": false,
                  "useMergedTexture": false,
                  "visible": false,
                  "width": 112,
                  "x": 0,
                  "y": -100,
                  "areaHeight": 0,
                  "areaWidth": 0,
                  "fontFile": null,
                  "fontName": "微软雅黑",
                  "fontSize": 28,
                  "hAlignment": 0,
                  "text": "钻石鱼雷",
                  "touchScaleEnable": false,
                  "vAlignment": 0
                }
              },
              {
                "classname": "Label",
                "name": null,
                "children": [],
                "options": {
                  "__type": "LabelSurrogate:#EditorCommon.JsonModel.Component.GUI",
                  "classname": "Label",
                  "name": "Label_num_4",
                  "ZOrder": 0,
                  "actiontag": 42839922,
                  "anchorPointX": 1,
                  "anchorPointY": 0.5,
                  "classType": "CocoStudio.EngineAdapterWrap.CSLabel",
                  "colorB": 37,
                  "colorG": 21,
                  "colorR": 13,
                  "customProperty": "",
                  "flipX": false,
                  "flipY": false,
                  "height": 36,
                  "ignoreSize": true,
                  "layoutParameter": null,
                  "opacity": 255,
                  "positionPercentX": 0.4779874,
                  "positionPercentY": -0.36477986,
                  "positionType": 0,
                  "rotation": 0,
                  "scaleX": 1,
                  "scaleY": 1,
                  "sizePercentX": 0.5974843,
                  "sizePercentY": 0.169811323,
                  "sizeType": 0,
                  "tag": 10311,
                  "touchAble": false,
                  "useMergedTexture": false,
                  "visible": false,
                  "width": 94,
                  "x": 76,
                  "y": -58,
                  "areaHeight": 0,
                  "areaWidth": 0,
                  "fontFile": null,
                  "fontName": "微软雅黑",
                  "fontSize": 28,
                  "hAlignment": 0,
                  "text": "x10000",
                  "touchScaleEnable": false,
                  "vAlignment": 0
                }
              }
            ],
            "options": {
              "__type": "ImageViewSurrogate:#EditorCommon.JsonModel.Component.GUI",
              "classname": "ImageView",
              "name": "Image_item_4",
              "ZOrder": 0,
              "actiontag": 27235305,
              "anchorPointX": 0.5,
              "anchorPointY": 0.5,
              "classType": "CocoStudio.EngineAdapterWrap.CSImageView",
              "colorB": 255,
              "colorG": 255,
              "colorR": 255,
              "customProperty": "",
              "flipX": false,
              "flipY": false,
              "height": 159,
              "ignoreSize": true,
              "layoutParameter": null,
              "opacity": 255,
              "positionPercentX": -0.31712997,
              "positionPercentY": 0.301999331,
              "positionType": 0,
              "rotation": 0,
              "scaleX": 1,
              "scaleY": 1,
              "sizePercentX": 0.2777778,
              "sizePercentY": 0.4,
              "sizeType": 0,
              "tag": 10281,
              "touchAble": false,
              "useMergedTexture": false,
              "visible": true,
              "width": 159,
              "x": -228,
              "y": 150,
              "capInsetsHeight": 1,
              "capInsetsWidth": 1,
              "capInsetsX": 0,
              "capInsetsY": 0,
              "fileName": null,
              "fileNameData": {
                "path": "Games/GLobby/res/activity/backpack/img_bag.png",
                "plistFile": "",
                "resourceType": 0
              },
              "scale9Enable": false,
              "scale9Height": 159,
              "scale9Width": 159
            }
          },
          {
            "classname": "ImageView",
            "name": null,
            "children": [
              {
                "classname": "Label",
                "name": null,
                "children": [],
                "options": {
                  "__type": "LabelSurrogate:#EditorCommon.JsonModel.Component.GUI",
                  "classname": "Label",
                  "name": "Label_name_5",
                  "ZOrder": 0,
                  "actiontag": 46066864,
                  "anchorPointX": 0.5,
                  "anchorPointY": 0.5,
                  "classType": "CocoStudio.EngineAdapterWrap.CSLabel",
                  "colorB": 218,
                  "colorG": 240,
                  "colorR": 238,
                  "customProperty": "",
                  "flipX": false,
                  "flipY": false,
                  "height": 36,
                  "ignoreSize": true,
                  "layoutParameter": null,
                  "opacity": 255,
                  "positionPercentX": 0,
                  "positionPercentY": -0.6289308,
                  "positionType": 0,
                  "rotation": 0,
                  "scaleX": 1,
                  "scaleY": 1,
                  "sizePercentX": 0.5974843,
                  "sizePercentY": 0.169811323,
                  "sizeType": 0,
                  "tag": 10313,
                  "touchAble": false,
                  "useMergedTexture": false,
                  "visible": false,
                  "width": 112,
                  "x": 0,
                  "y": -100,
                  "areaHeight": 0,
                  "areaWidth": 0,
                  "fontFile": null,
                  "fontName": "微软雅黑",
                  "fontSize": 28,
                  "hAlignment": 0,
                  "text": "钻石鱼雷",
                  "touchScaleEnable": false,
                  "vAlignment": 0
                }
              },
              {
                "classname": "Label",
                "name": null,
                "children": [],
                "options": {
                  "__type": "LabelSurrogate:#EditorCommon.JsonModel.Component.GUI",
                  "classname": "Label",
                  "name": "Label_num_5",
                  "ZOrder": 0,
                  "actiontag": 66338255,
                  "anchorPointX": 1,
                  "anchorPointY": 0.5,
                  "classType": "CocoStudio.EngineAdapterWrap.CSLabel",
                  "colorB": 37,
                  "colorG": 21,
                  "colorR": 13,
                  "customProperty": "",
                  "flipX": false,
                  "flipY": false,
                  "height": 36,
                  "ignoreSize": true,
                  "layoutParameter": null,
                  "opacity": 255,
                  "positionPercentX": 0.4779874,
                  "positionPercentY": -0.36477986,
                  "positionType": 0,
                  "rotation": 0,
                  "scaleX": 1,
                  "scaleY": 1,
                  "sizePercentX": 0.5974843,
                  "sizePercentY": 0.169811323,
                  "sizeType": 0,
                  "tag": 10315,
                  "touchAble": false,
                  "useMergedTexture": false,
                  "visible": false,
                  "width": 94,
                  "x": 76,
                  "y": -58,
                  "areaHeight": 0,
                  "areaWidth": 0,
                  "fontFile": null,
                  "fontName": "微软雅黑",
                  "fontSize": 28,
                  "hAlignment": 0,
                  "text": "x10000",
                  "touchScaleEnable": false,
                  "vAlignment": 0
                }
              }
            ],
            "options": {
              "__type": "ImageViewSurrogate:#EditorCommon.JsonModel.Component.GUI",
              "classname": "ImageView",
              "name": "Image_item_5",
              "ZOrder": 0,
              "actiontag": 8371140,
              "anchorPointX": 0.5,
              "anchorPointY": 0.5,
              "classType": "CocoStudio.EngineAdapterWrap.CSImageView",
              "colorB": 255,
              "colorG": 255,
              "colorR": 255,
              "customProperty": "",
              "flipX": false,
              "flipY": false,
              "height": 159,
              "ignoreSize": true,
              "layoutParameter": null,
              "opacity": 255,
              "positionPercentX": 0,
              "positionPercentY": 0.301999331,
              "positionType": 0,
              "rotation": 0,
              "scaleX": 1,
              "scaleY": 1,
              "sizePercentX": 0.2777778,
              "sizePercentY": 0.4,
              "sizeType": 0,
              "tag": 10282,
              "touchAble": false,
              "useMergedTexture": false,
              "visible": true,
              "width": 159,
              "x": 0,
              "y": 150,
              "capInsetsHeight": 1,
              "capInsetsWidth": 1,
              "capInsetsX": 0,
              "capInsetsY": 0,
              "fileName": null,
              "fileNameData": {
                "path": "Games/GLobby/res/activity/backpack/img_bag.png",
                "plistFile": "",
                "resourceType": 0
              },
              "scale9Enable": false,
              "scale9Height": 159,
              "scale9Width": 159
            }
          },
          {
            "classname": "ImageView",
            "name": null,
            "children": [
              {
                "classname": "Label",
                "name": null,
                "children": [],
                "options": {
                  "__type": "LabelSurrogate:#EditorCommon.JsonModel.Component.GUI",
                  "classname": "Label",
                  "name": "Label_name_6",
                  "ZOrder": 0,
                  "actiontag": 27122807,
                  "anchorPointX": 0.5,
                  "anchorPointY": 0.5,
                  "classType": "CocoStudio.EngineAdapterWrap.CSLabel",
                  "colorB": 218,
                  "colorG": 240,
                  "colorR": 238,
                  "customProperty": "",
                  "flipX": false,
                  "flipY": false,
                  "height": 36,
                  "ignoreSize": true,
                  "layoutParameter": null,
                  "opacity": 255,
                  "positionPercentX": 0,
                  "positionPercentY": -0.6289308,
                  "positionType": 0,
                  "rotation": 0,
                  "scaleX": 1,
                  "scaleY": 1,
                  "sizePercentX": 0.5974843,
                  "sizePercentY": 0.169811323,
                  "sizeType": 0,
                  "tag": 10317,
                  "touchAble": false,
                  "useMergedTexture": false,
                  "visible": false,
                  "width": 112,
                  "x": 0,
                  "y": -100,
                  "areaHeight": 0,
                  "areaWidth": 0,
                  "fontFile": null,
                  "fontName": "微软雅黑",
                  "fontSize": 28,
                  "hAlignment": 0,
                  "text": "钻石鱼雷",
                  "touchScaleEnable": false,
                  "vAlignment": 0
                }
              },
              {
                "classname": "Label",
                "name": null,
                "children": [],
                "options": {
                  "__type": "LabelSurrogate:#EditorCommon.JsonModel.Component.GUI",
                  "classname": "Label",
                  "name": "Label_num_6",
                  "ZOrder": 0,
                  "actiontag": 48351220,
                  "anchorPointX": 1,
                  "anchorPointY": 0.5,
                  "classType": "CocoStudio.EngineAdapterWrap.CSLabel",
                  "colorB": 37,
                  "colorG": 21,
                  "colorR": 13,
                  "customProperty": "",
                  "flipX": false,
                  "flipY": false,
                  "height": 36,
                  "ignoreSize": true,
                  "layoutParameter": null,
                  "opacity": 255,
                  "positionPercentX": 0.4779874,
                  "positionPercentY": -0.36477986,
                  "positionType": 0,
                  "rotation": 0,
                  "scaleX": 1,
                  "scaleY": 1,
                  "sizePercentX": 0.5974843,
                  "sizePercentY": 0.169811323,
                  "sizeType": 0,
                  "tag": 10319,
                  "touchAble": false,
                  "useMergedTexture": false,
                  "visible": false,
                  "width": 94,
                  "x": 76,
                  "y": -58,
                  "areaHeight": 0,
                  "areaWidth": 0,
                  "fontFile": null,
                  "fontName": "微软雅黑",
                  "fontSize": 28,
                  "hAlignment": 0,
                  "text": "x10000",
                  "touchScaleEnable": false,
                  "vAlignment": 0
                }
              }
            ],
            "options": {
              "__type": "ImageViewSurrogate:#EditorCommon.JsonModel.Component.GUI",
              "classname": "ImageView",
              "name": "Image_item_6",
              "ZOrder": 0,
              "actiontag": 50410719,
              "anchorPointX": 0.5,
              "anchorPointY": 0.5,
              "classType": "CocoStudio.EngineAdapterWrap.CSImageView",
              "colorB": 255,
              "colorG": 255,
              "colorR": 255,
              "customProperty": "",
              "flipX": false,
              "flipY": false,
              "height": 159,
              "ignoreSize": true,
              "layoutParameter": null,
              "opacity": 255,
              "positionPercentX": 0.318055332,
              "positionPercentY": 0.301999331,
              "positionType": 0,
              "rotation": 0,
              "scaleX": 1,
              "scaleY": 1,
              "sizePercentX": 0.2777778,
              "sizePercentY": 0.4,
              "sizeType": 0,
              "tag": 10283,
              "touchAble": false,
              "useMergedTexture": false,
              "visible": true,
              "width": 159,
              "x": 228,
              "y": 150,
              "capInsetsHeight": 1,
              "capInsetsWidth": 1,
              "capInsetsX": 0,
              "capInsetsY": 0,
              "fileName": null,
              "fileNameData": {
                "path": "Games/GLobby/res/activity/backpack/img_bag.png",
                "plistFile": "",
                "resourceType": 0
              },
              "scale9Enable": false,
              "scale9Height": 159,
              "scale9Width": 159
            }
          }
        ],
        "options": {
          "__type": "PanelSurrogate:#EditorCommon.JsonModel.Component.GUI",
          "classname": "Panel",
          "name": "Panel_content",
          "ZOrder": 0,
          "actiontag": 58693431,
          "anchorPointX": 0.5,
          "anchorPointY": 0,
          "classType": "CocoStudio.EngineAdapterWrap.CSPanel",
          "colorB": 255,
          "colorG": 255,
          "colorR": 255,
          "customProperty": "",
          "flipX": false,
          "flipY": false,
          "height": 500,
          "ignoreSize": false,
          "layoutParameter": null,
          "opacity": 255,
          "positionPercentX": 0.5,
          "positionPercentY": 0.53125,
          "positionType": 0,
          "rotation": 0,
          "scaleX": 1,
          "scaleY": 1,
          "sizePercentX": 1,
          "sizePercentY": 0.390625,
          "sizeType": 0,
          "tag": 306,
          "touchAble": true,
          "useMergedTexture": false,
          "visible": true,
          "width": 720,
          "x": 360,
          "y": 680,
          "adaptScreen": false,
          "backGroundImage": null,
          "backGroundImageData": null,
          "backGroundScale9Enable": false,
          "bgColorB": 255,
          "bgColorG": 200,
          "bgColorOpacity": 100,
          "bgColorR": 150,
          "bgEndColorB": 255,
          "bgEndColorG": 200,
          "bgEndColorR": 150,
          "bgStartColorB": 255,
          "bgStartColorG": 255,
          "bgStartColorR": 255,
          "capInsetsHeight": 1,
          "capInsetsWidth": 1,
          "capInsetsX": 0,
          "capInsetsY": 0,
          "clipAble": false,
          "colorType": 0,
          "layoutType": 0,
          "vectorX": 0,
          "vectorY": -0.5
        }
      },
      {
        "classname": "Panel",
        "name": null,
        "children": [
          {
            "classname": "ImageView",
            "name": null,
            "children": [],
            "options": {
              "__type": "ImageViewSurrogate:#EditorCommon.JsonModel.Component.GUI",
              "classname": "ImageView",
              "name": "Image_give_record",
              "ZOrder": 0,
              "actiontag": 8634594,
              "anchorPointX": 0.5,
              "anchorPointY": 0.5,
              "classType": "CocoStudio.EngineAdapterWrap.CSImageView",
              "colorB": 255,
              "colorG": 255,
              "colorR": 255,
              "customProperty": "",
              "flipX": false,
              "flipY": false,
              "height": 75,
              "ignoreSize": true,
              "layoutParameter": null,
              "opacity": 255,
              "positionPercentX": 0,
              "positionPercentY": 0.8909091,
              "positionType": 0,
              "rotation": 0,
              "scaleX": 1,
              "scaleY": 1,
              "sizePercentX": 0.5,
              "sizePercentY": 0.116363637,
              "sizeType": 0,
              "tag": 1221,
              "touchAble": false,
              "useMergedTexture": false,
              "visible": true,
              "width": 231,
              "x": 0,
              "y": 490,
              "capInsetsHeight": 1,
              "capInsetsWidth": 1,
              "capInsetsX": 0,
              "capInsetsY": 0,
              "fileName": null,
              "fileNameData": {
                "path": "Games/GLobby/res/activity/backpack/button_zsjl.png",
                "plistFile": "",
                "resourceType": 0
              },
              "scale9Enable": false,
              "scale9Height": 75,
              "scale9Width": 231
            }
          },
          {
            "classname": "ImageView",
            "name": null,
            "children": [
              {
                "classname": "ImageView",
                "name": null,
                "children": [],
                "options": {
                  "__type": "ImageViewSurrogate:#EditorCommon.JsonModel.Component.GUI",
                  "classname": "ImageView",
                  "name": "Image_prop",
                  "ZOrder": 0,
                  "actiontag": 21062449,
                  "anchorPointX": 0.5,
                  "anchorPointY": 0.5,
                  "classType": "CocoStudio.EngineAdapterWrap.CSImageView",
                  "colorB": 255,
                  "colorG": 255,
                  "colorR": 255,
                  "customProperty": "",
                  "flipX": false,
                  "flipY": false,
                  "height": 159,
                  "ignoreSize": true,
                  "layoutParameter": null,
                  "opacity": 255,
                  "positionPercentX": -0.344419837,
                  "positionPercentY": 0.07904319,
                  "positionType": 0,
                  "rotation": 0,
                  "scaleX": 1,
                  "scaleY": 1,
                  "sizePercentX": 0.298953652,
                  "sizePercentY": 0.649350643,
                  "sizeType": 0,
                  "tag": 10289,
                  "touchAble": false,
                  "useMergedTexture": false,
                  "visible": true,
                  "width": 159,
                  "x": -230,
                  "y": 24,
                  "capInsetsHeight": 1,
                  "capInsetsWidth": 1,
                  "capInsetsX": 0,
                  "capInsetsY": 0,
                  "fileName": null,
                  "fileNameData": {
                    "path": "Games/GLobby/res/activity/backpack/img_hj_yulei.png",
                    "plistFile": "",
                    "resourceType": 0
                  },
                  "scale9Enable": false,
                  "scale9Height": 159,
                  "scale9Width": 159
                }
              },
              {
                "classname": "ImageView",
                "name": null,
                "children": [],
                "options": {
                  "__type": "ImageViewSurrogate:#EditorCommon.JsonModel.Component.GUI",
                  "classname": "ImageView",
                  "name": "Image_give",
                  "ZOrder": 0,
                  "actiontag": 47090265,
                  "anchorPointX": 0.5,
                  "anchorPointY": 0.5,
                  "classType": "CocoStudio.EngineAdapterWrap.CSImageView",
                  "colorB": 255,
                  "colorG": 255,
                  "colorR": 255,
                  "customProperty": "",
                  "flipX": false,
                  "flipY": false,
                  "height": 59,
                  "ignoreSize": true,
                  "layoutParameter": null,
                  "opacity": 255,
                  "positionPercentX": -0.0244147722,
                  "positionPercentY": 0.0652444139,
                  "positionType": 0,
                  "rotation": -0.128032684,
                  "scaleX": 1,
                  "scaleY": 1,
                  "sizePercentX": 0.2690583,
                  "sizePercentY": 0.207792208,
                  "sizeType": 0,
                  "tag": 10290,
                  "touchAble": false,
                  "useMergedTexture": false,
                  "visible": true,
                  "width": 156,
                  "x": -16,
                  "y": 20,
                  "capInsetsHeight": 1,
                  "capInsetsWidth": 1,
                  "capInsetsX": 0,
                  "capInsetsY": 0,
                  "fileName": null,
                  "fileNameData": {
                    "path": "Games/GLobby/res/activity/backpack/button_zs.png",
                    "plistFile": "",
                    "resourceType": 0
                  },
                  "scale9Enable": false,
                  "scale9Height": 59,
                  "scale9Width": 156
                }
              },
              {
                "classname": "ImageView",
                "name": null,
                "children": [],
                "options": {
                  "__type": "ImageViewSurrogate:#EditorCommon.JsonModel.Component.GUI",
                  "classname": "ImageView",
                  "name": "Image_get",
                  "ZOrder": 0,
                  "actiontag": 64819734,
                  "anchorPointX": 0.5,
                  "anchorPointY": 0.5,
                  "classType": "CocoStudio.EngineAdapterWrap.CSImageView",
                  "colorB": 255,
                  "colorG": 255,
                  "colorR": 255,
                  "customProperty": "",
                  "flipX": false,
                  "flipY": false,
                  "height": 59,
                  "ignoreSize": true,
                  "layoutParameter": null,
                  "opacity": 255,
                  "positionPercentX": 0.323866278,
                  "positionPercentY": 0.06632674,
                  "positionType": 0,
                  "rotation": 0,
                  "scaleX": 1,
                  "scaleY": 1,
                  "sizePercentX": 0.2690583,
                  "sizePercentY": 0.207792208,
                  "sizeType": 0,
                  "tag": 10291,
                  "touchAble": false,
                  "useMergedTexture": false,
                  "visible": true,
                  "width": 156,
                  "x": 216,
                  "y": 20,
                  "capInsetsHeight": 1,
                  "capInsetsWidth": 1,
                  "capInsetsX": 0,
                  "capInsetsY": 0,
                  "fileName": null,
                  "fileNameData": {
                    "path": "Games/GLobby/res/activity/backpack/button_hqtj.png",
                    "plistFile": "",
                    "resourceType": 0
                  },
                  "scale9Enable": false,
                  "scale9Height": 59,
                  "scale9Width": 156
                }
              },
              {
                "classname": "Label",
                "name": null,
                "children": [],
                "options": {
                  "__type": "LabelSurrogate:#EditorCommon.JsonModel.Component.GUI",
                  "classname": "Label",
                  "name": "Label_prop_name",
                  "ZOrder": 0,
                  "actiontag": 1135935,
                  "anchorPointX": 0.5,
                  "anchorPointY": 0.5,
                  "classType": "CocoStudio.EngineAdapterWrap.CSLabel",
                  "colorB": 218,
                  "colorG": 240,
                  "colorR": 238,
                  "customProperty": "",
                  "flipX": false,
                  "flipY": false,
                  "height": 36,
                  "ignoreSize": true,
                  "layoutParameter": null,
                  "opacity": 255,
                  "positionPercentX": -0.345226139,
                  "positionPercentY": -0.326832145,
                  "positionType": 0,
                  "rotation": 0,
                  "scaleX": 1,
                  "scaleY": 1,
                  "sizePercentX": 0.142002985,
                  "sizePercentY": 0.08766234,
                  "sizeType": 0,
                  "tag": 10292,
                  "touchAble": false,
                  "useMergedTexture": false,
                  "visible": true,
                  "width": 112,
                  "x": -230,
                  "y": -100,
                  "areaHeight": 0,
                  "areaWidth": 0,
                  "fontFile": null,
                  "fontName": "微软雅黑",
                  "fontSize": 28,
                  "hAlignment": 0,
                  "text": "黄金鱼雷",
                  "touchScaleEnable": false,
                  "vAlignment": 0
                }
              },
              {
                "classname": "Label",
                "name": null,
                "children": [],
                "options": {
                  "__type": "LabelSurrogate:#EditorCommon.JsonModel.Component.GUI",
                  "classname": "Label",
                  "name": "Label_explain",
                  "ZOrder": 0,
                  "actiontag": 3409566,
                  "anchorPointX": 1.49011612E-08,
                  "anchorPointY": 0.5,
                  "classType": "CocoStudio.EngineAdapterWrap.CSLabel",
                  "colorB": 93,
                  "colorG": 180,
                  "colorR": 221,
                  "customProperty": "",
                  "flipX": false,
                  "flipY": false,
                  "height": 90,
                  "ignoreSize": false,
                  "layoutParameter": null,
                  "opacity": 255,
                  "positionPercentX": -0.164424509,
                  "positionPercentY": -0.326523066,
                  "positionType": 0,
                  "rotation": 0,
                  "scaleX": 1,
                  "scaleY": 1,
                  "sizePercentX": 0.6367713,
                  "sizePercentY": 0.292207778,
                  "sizeType": 0,
                  "tag": 10296,
                  "touchAble": false,
                  "useMergedTexture": false,
                  "visible": true,
                  "width": 426,
                  "x": -110,
                  "y": -100,
                  "areaHeight": 90,
                  "areaWidth": 426,
                  "fontFile": null,
                  "fontName": "微软雅黑",
                  "fontSize": 26,
                  "hAlignment": 0,
                  "text": "",
                  "touchScaleEnable": false,
                  "vAlignment": 0
                }
              }
            ],
            "options": {
              "__type": "ImageViewSurrogate:#EditorCommon.JsonModel.Component.GUI",
              "classname": "ImageView",
              "name": "Image_info",
              "ZOrder": 0,
              "actiontag": 40086851,
              "anchorPointX": 0.5,
              "anchorPointY": 0.5,
              "classType": "CocoStudio.EngineAdapterWrap.CSImageView",
              "colorB": 255,
              "colorG": 255,
              "colorR": 255,
              "customProperty": "",
              "flipX": false,
              "flipY": false,
              "height": 308,
              "ignoreSize": true,
              "layoutParameter": null,
              "opacity": 255,
              "positionPercentX": 0,
              "positionPercentY": 0.465454549,
              "positionType": 0,
              "rotation": 0,
              "scaleX": 1,
              "scaleY": 1,
              "sizePercentX": 0.862068951,
              "sizePercentY": 0.545454562,
              "sizeType": 0,
              "tag": 10285,
              "touchAble": false,
              "useMergedTexture": false,
              "visible": true,
              "width": 669,
              "x": 0,
              "y": 256,
              "capInsetsHeight": 1,
              "capInsetsWidth": 1,
              "capInsetsX": 0,
              "capInsetsY": 0,
              "fileName": null,
              "fileNameData": {
                "path": "Games/GLobby/res/activity/backpack/bg_xiangqing.png",
                "plistFile": "",
                "resourceType": 0
              },
              "scale9Enable": false,
              "scale9Height": 308,
              "scale9Width": 669
            }
          },
          {
            "classname": "ImageView",
            "name": null,
            "children": [],
            "options": {
              "__type": "ImageViewSurrogate:#EditorCommon.JsonModel.Component.GUI",
              "classname": "ImageView",
              "name": "Image_noData",
              "ZOrder": 0,
              "actiontag": 58595606,
              "anchorPointX": 0.5,
              "anchorPointY": 0.5,
              "classType": "CocoStudio.EngineAdapterWrap.CSImageView",
              "colorB": 255,
              "colorG": 255,
              "colorR": 255,
              "customProperty": "",
              "flipX": false,
              "flipY": false,
              "height": 240,
              "ignoreSize": true,
              "layoutParameter": null,
              "opacity": 255,
              "positionPercentX": 0,
              "positionPercentY": 0.472727269,
              "positionType": 0,
              "rotation": 0,
              "scaleX": 1,
              "scaleY": 1,
              "sizePercentX": 0.5,
              "sizePercentY": 0.116363637,
              "sizeType": 0,
              "tag": 10362,
              "touchAble": false,
              "useMergedTexture": false,
              "visible": false,
              "width": 177,
              "x": 0,
              "y": 260,
              "capInsetsHeight": 1,
              "capInsetsWidth": 1,
              "capInsetsX": 0,
              "capInsetsY": 0,
              "fileName": null,
              "fileNameData": {
                "path": "Games/GLobby/res/activity/backpack/img_zwsj.png",
                "plistFile": "",
                "resourceType": 0
              },
              "scale9Enable": false,
              "scale9Height": 240,
              "scale9Width": 177
            }
          },
          {
            "classname": "ImageView",
            "name": null,
            "children": [],
            "options": {
              "__type": "ImageViewSurrogate:#EditorCommon.JsonModel.Component.GUI",
              "classname": "ImageView",
              "name": "Image_tip",
              "ZOrder": 0,
              "actiontag": 9445875,
              "anchorPointX": 0.5,
              "anchorPointY": 0.5,
              "classType": "CocoStudio.EngineAdapterWrap.CSImageView",
              "colorB": 255,
              "colorG": 255,
              "colorR": 255,
              "customProperty": "",
              "flipX": false,
              "flipY": false,
              "height": 26,
              "ignoreSize": true,
              "layoutParameter": null,
              "opacity": 255,
              "positionPercentX": -2.18838014E-08,
              "positionPercentY": 0.07454545,
              "positionType": 0,
              "rotation": 0,
              "scaleX": 1,
              "scaleY": 1,
              "sizePercentX": 0.5,
              "sizePercentY": 0.116363637,
              "sizeType": 0,
              "tag": 10287,
              "touchAble": false,
              "useMergedTexture": false,
              "visible": false,
              "width": 223,
              "x": 0,
              "y": 40,
              "capInsetsHeight": 1,
              "capInsetsWidth": 1,
              "capInsetsX": 0,
              "capInsetsY": 0,
              "fileName": null,
              "fileNameData": {
                "path": "Games/GLobby/res/activity/backpack/txt1.png",
                "plistFile": "",
                "resourceType": 0
              },
              "scale9Enable": false,
              "scale9Height": 26,
              "scale9Width": 223
            }
          }
        ],
        "options": {
          "__type": "PanelSurrogate:#EditorCommon.JsonModel.Component.GUI",
          "classname": "Panel",
          "name": "Panel_info",
          "ZOrder": 0,
          "actiontag": 19285175,
          "anchorPointX": 0.5,
          "anchorPointY": 0,
          "classType": "CocoStudio.EngineAdapterWrap.CSPanel",
          "colorB": 255,
          "colorG": 255,
          "colorR": 255,
          "customProperty": "",
          "flipX": false,
          "flipY": false,
          "height": 550,
          "ignoreSize": false,
          "layoutParameter": null,
          "opacity": 255,
          "positionPercentX": 0.5,
          "positionPercentY": 0.09375,
          "positionType": 0,
          "rotation": 0,
          "scaleX": 1,
          "scaleY": 1,
          "sizePercentX": 0.966666639,
          "sizePercentY": 0.4296875,
          "sizeType": 0,
          "tag": 307,
          "touchAble": true,
          "useMergedTexture": false,
          "visible": true,
          "width": 696,
          "x": 360,
          "y": 120,
          "adaptScreen": false,
          "backGroundImage": null,
          "backGroundImageData": {
            "path": "Games/GLobby/res/activity/backpack/bg.png",
            "plistFile": "",
            "resourceType": 0
          },
          "backGroundScale9Enable": false,
          "bgColorB": 4,
          "bgColorG": 0,
          "bgColorOpacity": 100,
          "bgColorR": 255,
          "bgEndColorB": 255,
          "bgEndColorG": 200,
          "bgEndColorR": 150,
          "bgStartColorB": 255,
          "bgStartColorG": 255,
          "bgStartColorR": 255,
          "capInsetsHeight": 1,
          "capInsetsWidth": 1,
          "capInsetsX": 0,
          "capInsetsY": 0,
          "clipAble": false,
          "colorType": 0,
          "layoutType": 0,
          "vectorX": 0,
          "vectorY": -0.5
        }
      }
    ],
    "options": {
      "__type": "PanelSurrogate:#EditorCommon.JsonModel.Component.GUI",
      "classname": "Panel",
      "name": "Panel_backpack",
      "ZOrder": 0,
      "actiontag": -1,
      "anchorPointX": 0,
      "anchorPointY": 0,
      "classType": "CocoStudio.EngineAdapterWrap.CSPanel",
      "colorB": 255,
      "colorG": 255,
      "colorR": 255,
      "customProperty": "",
      "flipX": false,
      "flipY": false,
      "height": 1280,
      "ignoreSize": false,
      "layoutParameter": null,
      "opacity": 255,
      "positionPercentX": 0,
      "positionPercentY": 0,
      "positionType": 0,
      "rotation": 0,
      "scaleX": 1,
      "scaleY": 1,
      "sizePercentX": 1,
      "sizePercentY": 1,
      "sizeType": 0,
      "tag": 298,
      "touchAble": true,
      "useMergedTexture": false,
      "visible": true,
      "width": 720,
      "x": 0,
      "y": 0,
      "adaptScreen": false,
      "backGroundImage": null,
      "backGroundImageData": {
        "path": "Games/GLobby/res/common/bg.png",
        "plistFile": "",
        "resourceType": 0
      },
      "backGroundScale9Enable": false,
      "bgColorB": 255,
      "bgColorG": 200,
      "bgColorOpacity": 0,
      "bgColorR": 150,
      "bgEndColorB": 255,
      "bgEndColorG": 200,
      "bgEndColorR": 150,
      "bgStartColorB": 255,
      "bgStartColorG": 255,
      "bgStartColorR": 255,
      "capInsetsHeight": 1,
      "capInsetsWidth": 1,
      "capInsetsX": 0,
      "capInsetsY": 0,
      "clipAble": false,
      "colorType": 0,
      "layoutType": 0,
      "vectorX": 0,
      "vectorY": -0.5
    }
  }
}