{
  "classname": null,
  "name": null,
  "animation": {
    "classname": null,
    "name": "AnimationManager",
    "actionlist": []
  },
  "dataScale": 1,
  "designHeight": 136,
  "designWidth": 696,
  "textures": [],
  "texturesPng": [
    "Games/GLobby/res/common/dibanBg.png",
    "Games/GLobby/res/common/img_person_head.png",
    "Games/GLobby/res/club/profitReport/button_kongzhi.png",
    "Games/GLobby/res/club/profitReport/shuying.png",
    "Games/GLobby/res/club/profitReport/fengexian.png"
  ],
  "version": "1.6.0.0",
  "widgetTree": {
    "classname": "Panel",
    "name": null,
    "children": [
      {
        "classname": "ImageView",
        "name": null,
        "children": [],
        "options": {
          "__type": "ImageViewSurrogate:#EditorCommon.JsonModel.Component.GUI",
          "classname": "ImageView",
          "name": "Image_item_bg",
          "ZOrder": 0,
          "actiontag": 23424229,
          "anchorPointX": 0.5,
          "anchorPointY": 0.5,
          "classType": "CocoStudio.EngineAdapterWrap.CSImageView",
          "colorB": 255,
          "colorG": 255,
          "colorR": 255,
          "customProperty": "",
          "flipX": false,
          "flipY": false,
          "height": 136,
          "ignoreSize": false,
          "layoutParameter": null,
          "opacity": 255,
          "positionPercentX": 0.5,
          "positionPercentY": 0.493872523,
          "positionType": 0,
          "rotation": 0,
          "scaleX": 1,
          "scaleY": 1,
          "sizePercentX": 1,
          "sizePercentY": 1,
          "sizeType": 0,
          "tag": 520,
          "touchAble": false,
          "useMergedTexture": false,
          "visible": true,
          "width": 696,
          "x": 348,
          "y": 67,
          "capInsetsHeight": 2,
          "capInsetsWidth": 2,
          "capInsetsX": 10,
          "capInsetsY": 10,
          "fileName": null,
          "fileNameData": {
            "path": "Games/GLobby/res/common/dibanBg.png",
            "plistFile": "",
            "resourceType": 0
          },
          "scale9Enable": true,
          "scale9Height": 136,
          "scale9Width": 696
        }
      },
      {
        "classname": "ImageView",
        "name": null,
        "children": [],
        "options": {
          "__type": "ImageViewSurrogate:#EditorCommon.JsonModel.Component.GUI",
          "classname": "ImageView",
          "name": "Image_head",
          "ZOrder": 0,
          "actiontag": 32107022,
          "anchorPointX": 0.5,
          "anchorPointY": 0.5,
          "classType": "CocoStudio.EngineAdapterWrap.CSImageView",
          "colorB": 255,
          "colorG": 255,
          "colorR": 255,
          "customProperty": "",
          "flipX": false,
          "flipY": false,
          "height": 98,
          "ignoreSize": true,
          "layoutParameter": null,
          "opacity": 255,
          "positionPercentX": 0.114942528,
          "positionPercentY": 0.5,
          "positionType": 0,
          "rotation": 0,
          "scaleX": 1,
          "scaleY": 1,
          "sizePercentX": 0.1408046,
          "sizePercentY": 0.7205882,
          "sizeType": 0,
          "tag": 522,
          "touchAble": false,
          "useMergedTexture": false,
          "visible": true,
          "width": 98,
          "x": 80,
          "y": 68,
          "capInsetsHeight": 1,
          "capInsetsWidth": 1,
          "capInsetsX": 0,
          "capInsetsY": 0,
          "fileName": null,
          "fileNameData": {
            "path": "Games/GLobby/res/common/img_person_head.png",
            "plistFile": "",
            "resourceType": 0
          },
          "scale9Enable": false,
          "scale9Height": 98,
          "scale9Width": 98
        }
      },
      {
        "classname": "Label",
        "name": null,
        "children": [],
        "options": {
          "__type": "LabelSurrogate:#EditorCommon.JsonModel.Component.GUI",
          "classname": "Label",
          "name": "Label_name",
          "ZOrder": 0,
          "actiontag": 64339197,
          "anchorPointX": 1.49011612E-08,
          "anchorPointY": 0.5,
          "classType": "CocoStudio.EngineAdapterWrap.CSLabel",
          "colorB": 255,
          "colorG": 255,
          "colorR": 255,
          "customProperty": "",
          "flipX": false,
          "flipY": false,
          "height": 0,
          "ignoreSize": true,
          "layoutParameter": null,
          "opacity": 255,
          "positionPercentX": 0.215517238,
          "positionPercentY": 0.7205882,
          "positionType": 0,
          "rotation": 0,
          "scaleX": 1,
          "scaleY": 1,
          "sizePercentX": 0.181034476,
          "sizePercentY": 0.22794117,
          "sizeType": 0,
          "tag": 2962,
          "touchAble": false,
          "useMergedTexture": false,
          "visible": true,
          "width": 0,
          "x": 150,
          "y": 98,
          "areaHeight": 0,
          "areaWidth": 0,
          "fontFile": null,
          "fontName": "微软雅黑",
          "fontSize": 24,
          "hAlignment": 0,
          "text": "",
          "touchScaleEnable": false,
          "vAlignment": 1
        }
      },
      {
        "classname": "Label",
        "name": null,
        "children": [],
        "options": {
          "__type": "LabelSurrogate:#EditorCommon.JsonModel.Component.GUI",
          "classname": "Label",
          "name": "Label_id",
          "ZOrder": 0,
          "actiontag": 28391931,
          "anchorPointX": 1.49011612E-08,
          "anchorPointY": 0.5,
          "classType": "CocoStudio.EngineAdapterWrap.CSLabel",
          "colorB": 144,
          "colorG": 144,
          "colorR": 144,
          "customProperty": "",
          "flipX": false,
          "flipY": false,
          "height": 0,
          "ignoreSize": true,
          "layoutParameter": null,
          "opacity": 255,
          "positionPercentX": 0.215517238,
          "positionPercentY": 0.308823526,
          "positionType": 0,
          "rotation": 0,
          "scaleX": 1,
          "scaleY": 1,
          "sizePercentX": 0.165229887,
          "sizePercentY": 0.22794117,
          "sizeType": 0,
          "tag": 2964,
          "touchAble": false,
          "useMergedTexture": false,
          "visible": true,
          "width": 0,
          "x": 150,
          "y": 42,
          "areaHeight": 0,
          "areaWidth": 0,
          "fontFile": null,
          "fontName": "微软雅黑",
          "fontSize": 24,
          "hAlignment": 0,
          "text": "",
          "touchScaleEnable": false,
          "vAlignment": 1
        }
      },
      {
        "classname": "ImageView",
        "name": null,
        "children": [],
        "options": {
          "__type": "ImageViewSurrogate:#EditorCommon.JsonModel.Component.GUI",
          "classname": "ImageView",
          "name": "Image_control",
          "ZOrder": 0,
          "actiontag": 42152872,
          "anchorPointX": 0.5,
          "anchorPointY": 0.5,
          "classType": "CocoStudio.EngineAdapterWrap.CSImageView",
          "colorB": 255,
          "colorG": 255,
          "colorR": 255,
          "customProperty": "",
          "flipX": false,
          "flipY": false,
          "height": 59,
          "ignoreSize": true,
          "layoutParameter": null,
          "opacity": 255,
          "positionPercentX": 0.862068951,
          "positionPercentY": 0.5,
          "positionType": 0,
          "rotation": 0,
          "scaleX": 1,
          "scaleY": 1,
          "sizePercentX": 0.237068966,
          "sizePercentY": 0.433823526,
          "sizeType": 0,
          "tag": 532,
          "touchAble": false,
          "useMergedTexture": false,
          "visible": true,
          "width": 165,
          "x": 600,
          "y": 68,
          "capInsetsHeight": 1,
          "capInsetsWidth": 1,
          "capInsetsX": 0,
          "capInsetsY": 0,
          "fileName": null,
          "fileNameData": {
            "path": "Games/GLobby/res/club/profitReport/button_kongzhi.png",
            "plistFile": "",
            "resourceType": 0
          },
          "scale9Enable": false,
          "scale9Height": 59,
          "scale9Width": 165
        }
      },
      {
        "classname": "ImageView",
        "name": null,
        "children": [],
        "options": {
          "__type": "ImageViewSurrogate:#EditorCommon.JsonModel.Component.GUI",
          "classname": "ImageView",
          "name": "Image_win",
          "ZOrder": 0,
          "actiontag": 30778037,
          "anchorPointX": 0.5,
          "anchorPointY": 0.5,
          "classType": "CocoStudio.EngineAdapterWrap.CSImageView",
          "colorB": 255,
          "colorG": 255,
          "colorR": 255,
          "customProperty": "",
          "flipX": false,
          "flipY": false,
          "height": 59,
          "ignoreSize": true,
          "layoutParameter": null,
          "opacity": 255,
          "positionPercentX": 0.604525864,
          "positionPercentY": 0.5034927,
          "positionType": 0,
          "rotation": 0,
          "scaleX": 1,
          "scaleY": 1,
          "sizePercentX": 0.114942528,
          "sizePercentY": 0.5882353,
          "sizeType": 0,
          "tag": 5376,
          "touchAble": false,
          "useMergedTexture": false,
          "visible": true,
          "width": 165,
          "x": 420,
          "y": 68,
          "capInsetsHeight": 1,
          "capInsetsWidth": 1,
          "capInsetsX": 0,
          "capInsetsY": 0,
          "fileName": null,
          "fileNameData": {
            "path": "Games/GLobby/res/club/profitReport/shuying.png",
            "plistFile": "",
            "resourceType": 0
          },
          "scale9Enable": false,
          "scale9Height": 59,
          "scale9Width": 165
        }
      },
      {
        "classname": "ImageView",
        "name": null,
        "children": [],
        "options": {
          "__type": "ImageViewSurrogate:#EditorCommon.JsonModel.Component.GUI",
          "classname": "ImageView",
          "name": "Image_seg",
          "ZOrder": 0,
          "actiontag": 39909950,
          "anchorPointX": 0.5,
          "anchorPointY": 0.5,
          "classType": "CocoStudio.EngineAdapterWrap.CSImageView",
          "colorB": 255,
          "colorG": 255,
          "colorR": 255,
          "customProperty": "",
          "flipX": false,
          "flipY": false,
          "height": 3,
          "ignoreSize": false,
          "layoutParameter": null,
          "opacity": 255,
          "positionPercentX": 0.5,
          "positionPercentY": 0.0147058824,
          "positionType": 0,
          "rotation": 0,
          "scaleX": 1,
          "scaleY": 1,
          "sizePercentX": 1,
          "sizePercentY": 0.0220588241,
          "sizeType": 0,
          "tag": 5380,
          "touchAble": false,
          "useMergedTexture": false,
          "visible": true,
          "width": 696,
          "x": 348,
          "y": 2,
          "capInsetsHeight": 1,
          "capInsetsWidth": 1,
          "capInsetsX": 1,
          "capInsetsY": 1,
          "fileName": null,
          "fileNameData": {
            "path": "Games/GLobby/res/club/profitReport/fengexian.png",
            "plistFile": "",
            "resourceType": 0
          },
          "scale9Enable": true,
          "scale9Height": 3,
          "scale9Width": 696
        }
      }
    ],
    "options": {
      "__type": "PanelSurrogate:#EditorCommon.JsonModel.Component.GUI",
      "classname": "Panel",
      "name": "Panel_report_item",
      "ZOrder": 0,
      "actiontag": -1,
      "anchorPointX": 0,
      "anchorPointY": 0,
      "classType": "CocoStudio.EngineAdapterWrap.CSPanel",
      "colorB": 255,
      "colorG": 255,
      "colorR": 255,
      "customProperty": "",
      "flipX": false,
      "flipY": false,
      "height": 136,
      "ignoreSize": false,
      "layoutParameter": null,
      "opacity": 255,
      "positionPercentX": 0,
      "positionPercentY": 0,
      "positionType": 0,
      "rotation": 0,
      "scaleX": 1,
      "scaleY": 1,
      "sizePercentX": 1,
      "sizePercentY": 1,
      "sizeType": 0,
      "tag": 515,
      "touchAble": true,
      "useMergedTexture": false,
      "visible": true,
      "width": 696,
      "x": 0,
      "y": 0,
      "adaptScreen": false,
      "backGroundImage": null,
      "backGroundImageData": null,
      "backGroundScale9Enable": false,
      "bgColorB": 255,
      "bgColorG": 200,
      "bgColorOpacity": 0,
      "bgColorR": 150,
      "bgEndColorB": 255,
      "bgEndColorG": 200,
      "bgEndColorR": 150,
      "bgStartColorB": 255,
      "bgStartColorG": 255,
      "bgStartColorR": 255,
      "capInsetsHeight": 1,
      "capInsetsWidth": 1,
      "capInsetsX": 0,
      "capInsetsY": 0,
      "clipAble": false,
      "colorType": 1,
      "layoutType": 0,
      "vectorX": 0,
      "vectorY": -0.5
    }
  }
}