{
  "classname": null,
  "name": null,
  "animation": {
    "classname": null,
    "name": "AnimationManager",
    "actionlist": []
  },
  "dataScale": 1,
  "designHeight": 274,
  "designWidth": 720,
  "textures": [],
  "texturesPng": [
    "Games/GLobby/res/common/bg.png",
    "Games/GLobby/res/common/img_panel.png",
    "Games/GLobby/res/common/img_person_head.png",
    "Games/GLobby/res/my/icon_default.png",
    "Games/GLobby/res/my/icon_selected.png",
    "Games/GLobby/res/my/nan.png",
    "Games/GLobby/res/my/nv.png",
    "Games/GLobby/res/my/sheet_wode.png",
    "Games/GLobby/res/my/txt_wdjb.png",
    "Games/GLobby/res/my/wdpd.png",
    "Games/GLobby/res/my/ptzsjl.png",
    "Games/GLobby/res/my/yxjl.png",
    "Games/GLobby/res/my/txt_wdggsk.png",
    "Games/GLobby/res/my/paiju.png",
    "Games/GLobby/res/my/yuchang.png",
    "Games/GLobby/res/my/yingqu.png",
    "Games/GLobby/res/my/gold.png",
    "Games/GLobby/res/my/txt_sound.png",
    "Games/GLobby/res/my/kai1.png",
    "Games/GLobby/res/my/kai2.png",
    "Games/GLobby/res/my/guan1.png",
    "Games/GLobby/res/my/guan2.png",
    "Games/GLobby/res/my/button_exit.png",
    "Games/GLobby/res/common/bg.png",
    "Games/GLobby/res/my/myRecord/NaviBar.png",
    "Games/GLobby/res/common/noTimeDate.png",
    "Games/GLobby/res/my/myRecord/NaviBar.png",
    "Games/GLobby/res/my/myRecord/sheet_ptzsjl.png",
    "Games/GLobby/res/my/gold.png",
    "Games/GLobby/res/my/myRecord/img_seg.png",
    "Games/GLobby/res/common/bg.png",
    "Games/GLobby/res/my/myBullet/bg_wdpd.png",
    "Games/GLobby/res/my/myBullet/NaviBar2.png",
    "Games/GLobby/res/my/myBullet/img_left.png",
    "Games/GLobby/res/my/myBullet/img_right.png",
    "Games/GLobby/res/common/noTimeDate.png",
    "Games/GLobby/res/my/myBullet/NaviBar2.png",
    "Games/GLobby/res/my/myBullet/bg_item.png",
    "Games/GLobby/res/my/myBullet/img_zhankai.png",
    "Games/GLobby/res/my/myBullet/img_shouqi.png",
    "Games/GLobby/res/common/bg.png",
    "Games/GLobby/res/my/gameRecord/NaviBar.png",
    "Games/GLobby/res/common/noTimeDate.png",
    "Games/GLobby/res/my/gameRecord/NaviBar.png",
    "Games/GLobby/res/my/gameRecord/sheet.png",
    "Games/GLobby/res/my/myRecord/img_seg.png",
    "Games/GLobby/res/common/bg.png",
    "Games/GLobby/res/my/myBullet/bg_wdpd.png",
    "Games/GLobby/res/my/myBullet/NaviBar2.png",
    "Games/GLobby/res/my/myBullet/img_left.png",
    "Games/GLobby/res/my/myBullet/img_right.png",
    "Games/GLobby/res/common/noTimeDate.png",
    "Games/GLobby/res/my/myBullet/bg_item.png",
    "Games/GLobby/res/my/myBullet/img_zhankai.png",
    "Games/GLobby/res/my/myBullet/img_shouqi.png",
    "Games/GLobby/res/club/ptRecord/NaviBar.png",
    "Games/GLobby/res/club/ptRecord/sheet.png"
  ],
  "version": "1.6.0.0",
  "widgetTree": {
    "classname": "Panel",
    "name": null,
    "children": [
      {
        "classname": "Panel",
        "name": null,
        "children": [
          {
            "classname": "ImageView",
            "name": null,
            "children": [],
            "options": {
              "__type": "ImageViewSurrogate:#EditorCommon.JsonModel.Component.GUI",
              "classname": "ImageView",
              "name": "Image_top",
              "ZOrder": 0,
              "actiontag": 19055224,
              "anchorPointX": 0.5,
              "anchorPointY": 0.5,
              "classType": "CocoStudio.EngineAdapterWrap.CSImageView",
              "colorB": 255,
              "colorG": 255,
              "colorR": 255,
              "customProperty": "",
              "flipX": false,
              "flipY": false,
              "height": 52,
              "ignoreSize": true,
              "layoutParameter": null,
              "opacity": 255,
              "positionPercentX": 0.5,
              "positionPercentY": 0.905109465,
              "positionType": 0,
              "rotation": 0,
              "scaleX": 1,
              "scaleY": 1,
              "sizePercentX": 1,
              "sizePercentY": 0.189781025,
              "sizeType": 0,
              "tag": 2695,
              "touchAble": false,
              "useMergedTexture": false,
              "visible": true,
              "width": 720,
              "x": 360,
              "y": 248,
              "capInsetsHeight": 1,
              "capInsetsWidth": 1,
              "capInsetsX": 0,
              "capInsetsY": 0,
              "fileName": null,
              "fileNameData": {
                "path": "Games/GLobby/res/club/ptRecord/NaviBar.png",
                "plistFile": "",
                "resourceType": 0
              },
              "scale9Enable": false,
              "scale9Height": 52,
              "scale9Width": 720
            }
          },
          {
            "classname": "Panel",
            "name": null,
            "children": [
              {
                "classname": "ImageView",
                "name": null,
                "children": [],
                "options": {
                  "__type": "ImageViewSurrogate:#EditorCommon.JsonModel.Component.GUI",
                  "classname": "ImageView",
                  "name": "Image_bg",
                  "ZOrder": 0,
                  "actiontag": 64563825,
                  "anchorPointX": 0.5,
                  "anchorPointY": 0.5,
                  "classType": "CocoStudio.EngineAdapterWrap.CSImageView",
                  "colorB": 255,
                  "colorG": 255,
                  "colorR": 255,
                  "customProperty": "",
                  "flipX": false,
                  "flipY": false,
                  "height": 222,
                  "ignoreSize": false,
                  "layoutParameter": null,
                  "opacity": 255,
                  "positionPercentX": 0.5,
                  "positionPercentY": 0.5,
                  "positionType": 0,
                  "rotation": 0,
                  "scaleX": 1,
                  "scaleY": 1,
                  "sizePercentX": 1,
                  "sizePercentY": 1,
                  "sizeType": 0,
                  "tag": 2866,
                  "touchAble": false,
                  "useMergedTexture": false,
                  "visible": false,
                  "width": 720,
                  "x": 360,
                  "y": 111,
                  "capInsetsHeight": 1,
                  "capInsetsWidth": 1,
                  "capInsetsX": 10,
                  "capInsetsY": 10,
                  "fileName": null,
                  "fileNameData": {
                    "path": "Games/GLobby/res/club/ptRecord/sheet.png",
                    "plistFile": "",
                    "resourceType": 0
                  },
                  "scale9Enable": true,
                  "scale9Height": 222,
                  "scale9Width": 720
                }
              }
            ],
            "options": {
              "__type": "PanelSurrogate:#EditorCommon.JsonModel.Component.GUI",
              "classname": "Panel",
              "name": "Panel_detailed",
              "ZOrder": 0,
              "actiontag": 27693862,
              "anchorPointX": 0,
              "anchorPointY": 0,
              "classType": "CocoStudio.EngineAdapterWrap.CSPanel",
              "colorB": 255,
              "colorG": 255,
              "colorR": 255,
              "customProperty": "",
              "flipX": false,
              "flipY": false,
              "height": 222,
              "ignoreSize": false,
              "layoutParameter": null,
              "opacity": 255,
              "positionPercentX": 0,
              "positionPercentY": 0,
              "positionType": 0,
              "rotation": 0,
              "scaleX": 1,
              "scaleY": 1,
              "sizePercentX": 1,
              "sizePercentY": 0.810219,
              "sizeType": 0,
              "tag": 2781,
              "touchAble": true,
              "useMergedTexture": false,
              "visible": true,
              "width": 720,
              "x": 0,
              "y": 0,
              "adaptScreen": false,
              "backGroundImage": null,
              "backGroundImageData": null,
              "backGroundScale9Enable": false,
              "bgColorB": 255,
              "bgColorG": 200,
              "bgColorOpacity": 100,
              "bgColorR": 150,
              "bgEndColorB": 255,
              "bgEndColorG": 200,
              "bgEndColorR": 150,
              "bgStartColorB": 255,
              "bgStartColorG": 255,
              "bgStartColorR": 255,
              "capInsetsHeight": 1,
              "capInsetsWidth": 1,
              "capInsetsX": 0,
              "capInsetsY": 0,
              "clipAble": false,
              "colorType": 0,
              "layoutType": 0,
              "vectorX": 0,
              "vectorY": -0.5
            }
          }
        ],
        "options": {
          "__type": "PanelSurrogate:#EditorCommon.JsonModel.Component.GUI",
          "classname": "Panel",
          "name": "Panel_detailed_record",
          "ZOrder": 0,
          "actiontag": 9343477,
          "anchorPointX": 0,
          "anchorPointY": 0,
          "classType": "CocoStudio.EngineAdapterWrap.CSPanel",
          "colorB": 255,
          "colorG": 255,
          "colorR": 255,
          "customProperty": "",
          "flipX": false,
          "flipY": false,
          "height": 274,
          "ignoreSize": false,
          "layoutParameter": null,
          "opacity": 255,
          "positionPercentX": 0,
          "positionPercentY": 0,
          "positionType": 0,
          "rotation": 0,
          "scaleX": 1,
          "scaleY": 1,
          "sizePercentX": 1,
          "sizePercentY": 1,
          "sizeType": 0,
          "tag": 2693,
          "touchAble": true,
          "useMergedTexture": false,
          "visible": true,
          "width": 720,
          "x": 0,
          "y": 0,
          "adaptScreen": false,
          "backGroundImage": null,
          "backGroundImageData": null,
          "backGroundScale9Enable": false,
          "bgColorB": 255,
          "bgColorG": 200,
          "bgColorOpacity": 100,
          "bgColorR": 150,
          "bgEndColorB": 255,
          "bgEndColorG": 200,
          "bgEndColorR": 150,
          "bgStartColorB": 255,
          "bgStartColorG": 255,
          "bgStartColorR": 255,
          "capInsetsHeight": 1,
          "capInsetsWidth": 1,
          "capInsetsX": 0,
          "capInsetsY": 0,
          "clipAble": false,
          "colorType": 0,
          "layoutType": 0,
          "vectorX": 0,
          "vectorY": -0.5
        }
      }
    ],
    "options": {
      "__type": "PanelSurrogate:#EditorCommon.JsonModel.Component.GUI",
      "classname": "Panel",
      "name": "Panel_clubpt_record",
      "ZOrder": 0,
      "actiontag": -1,
      "anchorPointX": 0,
      "anchorPointY": 0,
      "classType": "CocoStudio.EngineAdapterWrap.CSPanel",
      "colorB": 255,
      "colorG": 255,
      "colorR": 255,
      "customProperty": "",
      "flipX": false,
      "flipY": false,
      "height": 274,
      "ignoreSize": false,
      "layoutParameter": null,
      "opacity": 255,
      "positionPercentX": 0,
      "positionPercentY": 0,
      "positionType": 0,
      "rotation": 0,
      "scaleX": 1,
      "scaleY": 1,
      "sizePercentX": 1,
      "sizePercentY": 1,
      "sizeType": 0,
      "tag": 2687,
      "touchAble": true,
      "useMergedTexture": false,
      "visible": true,
      "width": 720,
      "x": 0,
      "y": 0,
      "adaptScreen": false,
      "backGroundImage": null,
      "backGroundImageData": null,
      "backGroundScale9Enable": false,
      "bgColorB": 255,
      "bgColorG": 200,
      "bgColorOpacity": 0,
      "bgColorR": 150,
      "bgEndColorB": 255,
      "bgEndColorG": 200,
      "bgEndColorR": 150,
      "bgStartColorB": 255,
      "bgStartColorG": 255,
      "bgStartColorR": 255,
      "capInsetsHeight": 1,
      "capInsetsWidth": 1,
      "capInsetsX": 0,
      "capInsetsY": 0,
      "clipAble": false,
      "colorType": 1,
      "layoutType": 0,
      "vectorX": 0,
      "vectorY": -0.5
    }
  }
}