{
  "classname": null,
  "name": null,
  "animation": {
    "classname": null,
    "name": "AnimationManager",
    "actionlist": []
  },
  "dataScale": 1,
  "designHeight": 1280,
  "designWidth": 720,
  "textures": [],
  "texturesPng": [
    "Games/GLobby/res/club/profitReport/tanchuang.png",
    "Games/GLobby/res/common/img_person_head.png",
    "Games/GLobby/res/club/profitReport/close.png",
    "Games/GLobby/res/club/profitReport/shafen1.png",
    "Games/GLobby/res/club/profitReport/shafen2.png",
    "Games/GLobby/res/club/profitReport/fangshui1.png",
    "Games/GLobby/res/club/profitReport/fangshui2.png",
    "Games/GLobby/res/club/profitReport/shipao.png",
    "Games/GLobby/res/club/profitReport/baipao.png",
    "Games/GLobby/res/club/profitReport/qianpao.png",
    "Games/GLobby/res/club/profitReport/txt_fenzhifanwei.png",
    "Games/GLobby/res/club/profitReport/shurukuang.png",
    "Games/GLobby/res/club/profitReport/button_queding.png"
  ],
  "version": "1.6.0.0",
  "widgetTree": {
    "classname": "Panel",
    "name": null,
    "children": [
      {
        "classname": "Panel",
        "name": null,
        "children": [],
        "options": {
          "__type": "PanelSurrogate:#EditorCommon.JsonModel.Component.GUI",
          "classname": "Panel",
          "name": "Panel_bg",
          "ZOrder": 0,
          "actiontag": 2010781,
          "anchorPointX": 0,
          "anchorPointY": 0,
          "classType": "CocoStudio.EngineAdapterWrap.CSPanel",
          "colorB": 255,
          "colorG": 255,
          "colorR": 255,
          "customProperty": "",
          "flipX": false,
          "flipY": false,
          "height": 1280,
          "ignoreSize": false,
          "layoutParameter": null,
          "opacity": 255,
          "positionPercentX": 0,
          "positionPercentY": 0,
          "positionType": 0,
          "rotation": 0,
          "scaleX": 1,
          "scaleY": 1,
          "sizePercentX": 1,
          "sizePercentY": 1,
          "sizeType": 0,
          "tag": 557,
          "touchAble": true,
          "useMergedTexture": false,
          "visible": true,
          "width": 720,
          "x": 0,
          "y": 0,
          "adaptScreen": false,
          "backGroundImage": null,
          "backGroundImageData": null,
          "backGroundScale9Enable": false,
          "bgColorB": 255,
          "bgColorG": 200,
          "bgColorOpacity": 100,
          "bgColorR": 150,
          "bgEndColorB": 255,
          "bgEndColorG": 200,
          "bgEndColorR": 150,
          "bgStartColorB": 255,
          "bgStartColorG": 255,
          "bgStartColorR": 255,
          "capInsetsHeight": 1,
          "capInsetsWidth": 1,
          "capInsetsX": 0,
          "capInsetsY": 0,
          "clipAble": false,
          "colorType": 0,
          "layoutType": 0,
          "vectorX": 0,
          "vectorY": -0.5
        }
      },
      {
        "classname": "Panel",
        "name": null,
        "children": [
          {
            "classname": "ImageView",
            "name": null,
            "children": [],
            "options": {
              "__type": "ImageViewSurrogate:#EditorCommon.JsonModel.Component.GUI",
              "classname": "ImageView",
              "name": "Image_bg",
              "ZOrder": 0,
              "actiontag": 28778414,
              "anchorPointX": 0.5,
              "anchorPointY": 0.5,
              "classType": "CocoStudio.EngineAdapterWrap.CSImageView",
              "colorB": 255,
              "colorG": 255,
              "colorR": 255,
              "customProperty": "",
              "flipX": false,
              "flipY": false,
              "height": 878,
              "ignoreSize": true,
              "layoutParameter": null,
              "opacity": 255,
              "positionPercentX": 0,
              "positionPercentY": 0,
              "positionType": 0,
              "rotation": 0,
              "scaleX": 1,
              "scaleY": 1,
              "sizePercentX": 1,
              "sizePercentY": 1,
              "sizeType": 0,
              "tag": 976,
              "touchAble": false,
              "useMergedTexture": false,
              "visible": true,
              "width": 662,
              "x": 0,
              "y": 0,
              "capInsetsHeight": 2,
              "capInsetsWidth": 2,
              "capInsetsX": 10,
              "capInsetsY": 10,
              "fileName": null,
              "fileNameData": {
                "path": "Games/GLobby/res/club/profitReport/tanchuang.png",
                "plistFile": "",
                "resourceType": 0
              },
              "scale9Enable": false,
              "scale9Height": 878,
              "scale9Width": 662
            }
          },
          {
            "classname": "ImageView",
            "name": null,
            "children": [],
            "options": {
              "__type": "ImageViewSurrogate:#EditorCommon.JsonModel.Component.GUI",
              "classname": "ImageView",
              "name": "Image_head",
              "ZOrder": 0,
              "actiontag": 61408945,
              "anchorPointX": 0.5,
              "anchorPointY": 0.5,
              "classType": "CocoStudio.EngineAdapterWrap.CSImageView",
              "colorB": 255,
              "colorG": 255,
              "colorR": 255,
              "customProperty": "",
              "flipX": false,
              "flipY": false,
              "height": 98,
              "ignoreSize": true,
              "layoutParameter": null,
              "opacity": 255,
              "positionPercentX": -0.28700906,
              "positionPercentY": 0.436218679,
              "positionType": 0,
              "rotation": 0,
              "scaleX": 1,
              "scaleY": 1,
              "sizePercentX": 0.148036256,
              "sizePercentY": 0.111617312,
              "sizeType": 0,
              "tag": 567,
              "touchAble": false,
              "useMergedTexture": false,
              "visible": true,
              "width": 98,
              "x": -190,
              "y": 383,
              "capInsetsHeight": 1,
              "capInsetsWidth": 1,
              "capInsetsX": 0,
              "capInsetsY": 0,
              "fileName": null,
              "fileNameData": {
                "path": "Games/GLobby/res/common/img_person_head.png",
                "plistFile": "",
                "resourceType": 0
              },
              "scale9Enable": false,
              "scale9Height": 98,
              "scale9Width": 98
            }
          },
          {
            "classname": "Label",
            "name": null,
            "children": [],
            "options": {
              "__type": "LabelSurrogate:#EditorCommon.JsonModel.Component.GUI",
              "classname": "Label",
              "name": "Label_name",
              "ZOrder": 0,
              "actiontag": 32046017,
              "anchorPointX": 0,
              "anchorPointY": 0.5,
              "classType": "CocoStudio.EngineAdapterWrap.CSLabel",
              "colorB": 255,
              "colorG": 255,
              "colorR": 255,
              "customProperty": "",
              "flipX": false,
              "flipY": false,
              "height": 31,
              "ignoreSize": true,
              "layoutParameter": null,
              "opacity": 255,
              "positionPercentX": -0.1510574,
              "positionPercentY": 0.436218679,
              "positionType": 0,
              "rotation": 0,
              "scaleX": 1,
              "scaleY": 1,
              "sizePercentX": 0.181268886,
              "sizePercentY": 0.0353075154,
              "sizeType": 0,
              "tag": 578,
              "touchAble": false,
              "useMergedTexture": false,
              "visible": true,
              "width": 120,
              "x": -100,
              "y": 383,
              "areaHeight": 0,
              "areaWidth": 0,
              "fontFile": null,
              "fontName": "微软雅黑",
              "fontSize": 24,
              "hAlignment": 0,
              "text": "创建人昵称",
              "touchScaleEnable": false,
              "vAlignment": 1
            }
          },
          {
            "classname": "Label",
            "name": null,
            "children": [],
            "options": {
              "__type": "LabelSurrogate:#EditorCommon.JsonModel.Component.GUI",
              "classname": "Label",
              "name": "Label_id",
              "ZOrder": 0,
              "actiontag": 28812745,
              "anchorPointX": 0,
              "anchorPointY": 0.5,
              "classType": "CocoStudio.EngineAdapterWrap.CSLabel",
              "colorB": 144,
              "colorG": 144,
              "colorR": 144,
              "customProperty": "",
              "flipX": false,
              "flipY": false,
              "height": 31,
              "ignoreSize": true,
              "layoutParameter": null,
              "opacity": 255,
              "positionPercentX": 0.1510574,
              "positionPercentY": 0.436218679,
              "positionType": 0,
              "rotation": 0,
              "scaleX": 1,
              "scaleY": 1,
              "sizePercentX": 0.173716009,
              "sizePercentY": 0.0353075154,
              "sizeType": 0,
              "tag": 579,
              "touchAble": false,
              "useMergedTexture": false,
              "visible": true,
              "width": 115,
              "x": 100,
              "y": 383,
              "areaHeight": 0,
              "areaWidth": 0,
              "fontFile": null,
              "fontName": "微软雅黑",
              "fontSize": 24,
              "hAlignment": 0,
              "text": "ID:518552",
              "touchScaleEnable": false,
              "vAlignment": 0
            }
          },
          {
            "classname": "ImageView",
            "name": null,
            "children": [],
            "options": {
              "__type": "ImageViewSurrogate:#EditorCommon.JsonModel.Component.GUI",
              "classname": "ImageView",
              "name": "Image_close",
              "ZOrder": 0,
              "actiontag": 62910778,
              "anchorPointX": 0.5,
              "anchorPointY": 0.5,
              "classType": "CocoStudio.EngineAdapterWrap.CSImageView",
              "colorB": 255,
              "colorG": 255,
              "colorR": 255,
              "customProperty": "",
              "flipX": false,
              "flipY": false,
              "height": 60,
              "ignoreSize": true,
              "layoutParameter": null,
              "opacity": 255,
              "positionPercentX": 0,
              "positionPercentY": -0.615034163,
              "positionType": 0,
              "rotation": 0,
              "scaleX": 1,
              "scaleY": 1,
              "sizePercentX": 0.09063444,
              "sizePercentY": 0.06833713,
              "sizeType": 0,
              "tag": 582,
              "touchAble": false,
              "useMergedTexture": false,
              "visible": true,
              "width": 60,
              "x": 0,
              "y": -540,
              "capInsetsHeight": 1,
              "capInsetsWidth": 1,
              "capInsetsX": 0,
              "capInsetsY": 0,
              "fileName": null,
              "fileNameData": {
                "path": "Games/GLobby/res/club/profitReport/close.png",
                "plistFile": "",
                "resourceType": 0
              },
              "scale9Enable": false,
              "scale9Height": 60,
              "scale9Width": 60
            }
          },
          {
            "classname": "CheckBox",
            "name": null,
            "children": [],
            "options": {
              "__type": "CheckBoxSurrogate:#EditorCommon.JsonModel.Component.GUI",
              "classname": "CheckBox",
              "name": "CheckBox_sf_ten",
              "ZOrder": 0,
              "actiontag": 53429143,
              "anchorPointX": 0.5,
              "anchorPointY": 0.5,
              "classType": "CocoStudio.EngineAdapterWrap.CSCheckBox",
              "colorB": 255,
              "colorG": 255,
              "colorR": 255,
              "customProperty": "",
              "flipX": false,
              "flipY": false,
              "height": 36,
              "ignoreSize": true,
              "layoutParameter": null,
              "opacity": 255,
              "positionPercentX": -0.3776435,
              "positionPercentY": 0.218678817,
              "positionType": 0,
              "rotation": 0,
              "scaleX": 1,
              "scaleY": 1,
              "sizePercentX": 0.12537764,
              "sizePercentY": 0.0410022773,
              "sizeType": 0,
              "tag": 5526,
              "touchAble": true,
              "useMergedTexture": false,
              "visible": true,
              "width": 83,
              "x": -250,
              "y": 192,
              "backGroundBox": null,
              "backGroundBoxData": {
                "path": "Games/GLobby/res/club/profitReport/shafen1.png",
                "plistFile": "",
                "resourceType": 0
              },
              "backGroundBoxDisabled": null,
              "backGroundBoxDisabledData": {
                "path": null,
                "plistFile": null,
                "resourceType": 0
              },
              "backGroundBoxSelected": null,
              "backGroundBoxSelectedData": {
                "path": null,
                "plistFile": null,
                "resourceType": 0
              },
              "frontCross": null,
              "frontCrossData": {
                "path": "Games/GLobby/res/club/profitReport/shafen2.png",
                "plistFile": "",
                "resourceType": 0
              },
              "frontCrossDisabled": null,
              "frontCrossDisabledData": {
                "path": null,
                "plistFile": null,
                "resourceType": 0
              },
              "selectedState": true
            }
          },
          {
            "classname": "CheckBox",
            "name": null,
            "children": [],
            "options": {
              "__type": "CheckBoxSurrogate:#EditorCommon.JsonModel.Component.GUI",
              "classname": "CheckBox",
              "name": "CheckBox_fs_ten",
              "ZOrder": 0,
              "actiontag": 38371466,
              "anchorPointX": 0.5,
              "anchorPointY": 0.5,
              "classType": "CocoStudio.EngineAdapterWrap.CSCheckBox",
              "colorB": 255,
              "colorG": 255,
              "colorR": 255,
              "customProperty": "",
              "flipX": false,
              "flipY": false,
              "height": 36,
              "ignoreSize": true,
              "layoutParameter": null,
              "opacity": 255,
              "positionPercentX": -0.181268886,
              "positionPercentY": 0.218678817,
              "positionType": 0,
              "rotation": 0,
              "scaleX": 1,
              "scaleY": 1,
              "sizePercentX": 0.12537764,
              "sizePercentY": 0.0410022773,
              "sizeType": 0,
              "tag": 5528,
              "touchAble": true,
              "useMergedTexture": false,
              "visible": true,
              "width": 83,
              "x": -120,
              "y": 192,
              "backGroundBox": null,
              "backGroundBoxData": {
                "path": "Games/GLobby/res/club/profitReport/fangshui1.png",
                "plistFile": "",
                "resourceType": 0
              },
              "backGroundBoxDisabled": null,
              "backGroundBoxDisabledData": {
                "path": null,
                "plistFile": null,
                "resourceType": 0
              },
              "backGroundBoxSelected": null,
              "backGroundBoxSelectedData": {
                "path": null,
                "plistFile": null,
                "resourceType": 0
              },
              "frontCross": null,
              "frontCrossData": {
                "path": "Games/GLobby/res/club/profitReport/fangshui2.png",
                "plistFile": "",
                "resourceType": 0
              },
              "frontCrossDisabled": null,
              "frontCrossDisabledData": {
                "path": null,
                "plistFile": null,
                "resourceType": 0
              },
              "selectedState": true
            }
          },
          {
            "classname": "CheckBox",
            "name": null,
            "children": [],
            "options": {
              "__type": "CheckBoxSurrogate:#EditorCommon.JsonModel.Component.GUI",
              "classname": "CheckBox",
              "name": "CheckBox_sf_hundred",
              "ZOrder": 0,
              "actiontag": 32735778,
              "anchorPointX": 0.5,
              "anchorPointY": 0.5,
              "classType": "CocoStudio.EngineAdapterWrap.CSCheckBox",
              "colorB": 255,
              "colorG": 255,
              "colorR": 255,
              "customProperty": "",
              "flipX": false,
              "flipY": false,
              "height": 36,
              "ignoreSize": true,
              "layoutParameter": null,
              "opacity": 255,
              "positionPercentX": -0.3776435,
              "positionPercentY": 0.0182232354,
              "positionType": 0,
              "rotation": 0,
              "scaleX": 1,
              "scaleY": 1,
              "sizePercentX": 0.12537764,
              "sizePercentY": 0.0410022773,
              "sizeType": 0,
              "tag": 5530,
              "touchAble": true,
              "useMergedTexture": false,
              "visible": true,
              "width": 83,
              "x": -250,
              "y": 16,
              "backGroundBox": null,
              "backGroundBoxData": {
                "path": "Games/GLobby/res/club/profitReport/shafen1.png",
                "plistFile": "",
                "resourceType": 0
              },
              "backGroundBoxDisabled": null,
              "backGroundBoxDisabledData": {
                "path": null,
                "plistFile": null,
                "resourceType": 0
              },
              "backGroundBoxSelected": null,
              "backGroundBoxSelectedData": {
                "path": null,
                "plistFile": null,
                "resourceType": 0
              },
              "frontCross": null,
              "frontCrossData": {
                "path": "Games/GLobby/res/club/profitReport/shafen2.png",
                "plistFile": "",
                "resourceType": 0
              },
              "frontCrossDisabled": null,
              "frontCrossDisabledData": {
                "path": null,
                "plistFile": null,
                "resourceType": 0
              },
              "selectedState": true
            }
          },
          {
            "classname": "CheckBox",
            "name": null,
            "children": [],
            "options": {
              "__type": "CheckBoxSurrogate:#EditorCommon.JsonModel.Component.GUI",
              "classname": "CheckBox",
              "name": "CheckBox_fs_hundred",
              "ZOrder": 0,
              "actiontag": 18802564,
              "anchorPointX": 0.5,
              "anchorPointY": 0.5,
              "classType": "CocoStudio.EngineAdapterWrap.CSCheckBox",
              "colorB": 255,
              "colorG": 255,
              "colorR": 255,
              "customProperty": "",
              "flipX": false,
              "flipY": false,
              "height": 36,
              "ignoreSize": true,
              "layoutParameter": null,
              "opacity": 255,
              "positionPercentX": -0.181268886,
              "positionPercentY": 0.0182232354,
              "positionType": 0,
              "rotation": 0,
              "scaleX": 1,
              "scaleY": 1,
              "sizePercentX": 0.12537764,
              "sizePercentY": 0.0410022773,
              "sizeType": 0,
              "tag": 5532,
              "touchAble": true,
              "useMergedTexture": false,
              "visible": true,
              "width": 83,
              "x": -120,
              "y": 16,
              "backGroundBox": null,
              "backGroundBoxData": {
                "path": "Games/GLobby/res/club/profitReport/fangshui1.png",
                "plistFile": "",
                "resourceType": 0
              },
              "backGroundBoxDisabled": null,
              "backGroundBoxDisabledData": {
                "path": null,
                "plistFile": null,
                "resourceType": 0
              },
              "backGroundBoxSelected": null,
              "backGroundBoxSelectedData": {
                "path": null,
                "plistFile": null,
                "resourceType": 0
              },
              "frontCross": null,
              "frontCrossData": {
                "path": "Games/GLobby/res/club/profitReport/fangshui2.png",
                "plistFile": "",
                "resourceType": 0
              },
              "frontCrossDisabled": null,
              "frontCrossDisabledData": {
                "path": null,
                "plistFile": null,
                "resourceType": 0
              },
              "selectedState": true
            }
          },
          {
            "classname": "CheckBox",
            "name": null,
            "children": [],
            "options": {
              "__type": "CheckBoxSurrogate:#EditorCommon.JsonModel.Component.GUI",
              "classname": "CheckBox",
              "name": "CheckBox_sf_thousand",
              "ZOrder": 0,
              "actiontag": 61258937,
              "anchorPointX": 0.5,
              "anchorPointY": 0.5,
              "classType": "CocoStudio.EngineAdapterWrap.CSCheckBox",
              "colorB": 255,
              "colorG": 255,
              "colorR": 255,
              "customProperty": "",
              "flipX": false,
              "flipY": false,
              "height": 36,
              "ignoreSize": true,
              "layoutParameter": null,
              "opacity": 255,
              "positionPercentX": -0.3776435,
              "positionPercentY": -0.18223235,
              "positionType": 0,
              "rotation": 0,
              "scaleX": 1,
              "scaleY": 1,
              "sizePercentX": 0.12537764,
              "sizePercentY": 0.0410022773,
              "sizeType": 0,
              "tag": 5534,
              "touchAble": true,
              "useMergedTexture": false,
              "visible": true,
              "width": 83,
              "x": -250,
              "y": -160,
              "backGroundBox": null,
              "backGroundBoxData": {
                "path": "Games/GLobby/res/club/profitReport/shafen1.png",
                "plistFile": "",
                "resourceType": 0
              },
              "backGroundBoxDisabled": null,
              "backGroundBoxDisabledData": {
                "path": null,
                "plistFile": null,
                "resourceType": 0
              },
              "backGroundBoxSelected": null,
              "backGroundBoxSelectedData": {
                "path": null,
                "plistFile": null,
                "resourceType": 0
              },
              "frontCross": null,
              "frontCrossData": {
                "path": "Games/GLobby/res/club/profitReport/shafen2.png",
                "plistFile": "",
                "resourceType": 0
              },
              "frontCrossDisabled": null,
              "frontCrossDisabledData": {
                "path": null,
                "plistFile": null,
                "resourceType": 0
              },
              "selectedState": true
            }
          },
          {
            "classname": "CheckBox",
            "name": null,
            "children": [],
            "options": {
              "__type": "CheckBoxSurrogate:#EditorCommon.JsonModel.Component.GUI",
              "classname": "CheckBox",
              "name": "CheckBox_fs_thousand",
              "ZOrder": 0,
              "actiontag": 66675695,
              "anchorPointX": 0.5,
              "anchorPointY": 0.5,
              "classType": "CocoStudio.EngineAdapterWrap.CSCheckBox",
              "colorB": 255,
              "colorG": 255,
              "colorR": 255,
              "customProperty": "",
              "flipX": false,
              "flipY": false,
              "height": 36,
              "ignoreSize": true,
              "layoutParameter": null,
              "opacity": 255,
              "positionPercentX": -0.181268886,
              "positionPercentY": -0.18223235,
              "positionType": 0,
              "rotation": 0,
              "scaleX": 1,
              "scaleY": 1,
              "sizePercentX": 0.12537764,
              "sizePercentY": 0.0410022773,
              "sizeType": 0,
              "tag": 5536,
              "touchAble": true,
              "useMergedTexture": false,
              "visible": true,
              "width": 83,
              "x": -120,
              "y": -160,
              "backGroundBox": null,
              "backGroundBoxData": {
                "path": "Games/GLobby/res/club/profitReport/fangshui1.png",
                "plistFile": "",
                "resourceType": 0
              },
              "backGroundBoxDisabled": null,
              "backGroundBoxDisabledData": {
                "path": null,
                "plistFile": null,
                "resourceType": 0
              },
              "backGroundBoxSelected": null,
              "backGroundBoxSelectedData": {
                "path": null,
                "plistFile": null,
                "resourceType": 0
              },
              "frontCross": null,
              "frontCrossData": {
                "path": "Games/GLobby/res/club/profitReport/fangshui2.png",
                "plistFile": "",
                "resourceType": 0
              },
              "frontCrossDisabled": null,
              "frontCrossDisabledData": {
                "path": null,
                "plistFile": null,
                "resourceType": 0
              },
              "selectedState": true
            }
          },
          {
            "classname": "ImageView",
            "name": null,
            "children": [],
            "options": {
              "__type": "ImageViewSurrogate:#EditorCommon.JsonModel.Component.GUI",
              "classname": "ImageView",
              "name": "Image_1",
              "ZOrder": 0,
              "actiontag": 52919751,
              "anchorPointX": 0.5,
              "anchorPointY": 0.5,
              "classType": "CocoStudio.EngineAdapterWrap.CSImageView",
              "colorB": 255,
              "colorG": 255,
              "colorR": 255,
              "customProperty": "",
              "flipX": false,
              "flipY": false,
              "height": 46,
              "ignoreSize": true,
              "layoutParameter": null,
              "opacity": 255,
              "positionPercentX": 0,
              "positionPercentY": 0.3189066,
              "positionType": 0,
              "rotation": 0,
              "scaleX": 1,
              "scaleY": 1,
              "sizePercentX": 0.9939577,
              "sizePercentY": 0.0523918,
              "sizeType": 0,
              "tag": 5406,
              "touchAble": false,
              "useMergedTexture": false,
              "visible": true,
              "width": 658,
              "x": 0,
              "y": 280,
              "capInsetsHeight": 1,
              "capInsetsWidth": 1,
              "capInsetsX": 0,
              "capInsetsY": 0,
              "fileName": null,
              "fileNameData": {
                "path": "Games/GLobby/res/club/profitReport/shipao.png",
                "plistFile": "",
                "resourceType": 0
              },
              "scale9Enable": false,
              "scale9Height": 46,
              "scale9Width": 658
            }
          },
          {
            "classname": "ImageView",
            "name": null,
            "children": [],
            "options": {
              "__type": "ImageViewSurrogate:#EditorCommon.JsonModel.Component.GUI",
              "classname": "ImageView",
              "name": "Image_2",
              "ZOrder": 0,
              "actiontag": 54396663,
              "anchorPointX": 0.5,
              "anchorPointY": 0.5,
              "classType": "CocoStudio.EngineAdapterWrap.CSImageView",
              "colorB": 255,
              "colorG": 255,
              "colorR": 255,
              "customProperty": "",
              "flipX": false,
              "flipY": false,
              "height": 46,
              "ignoreSize": true,
              "layoutParameter": null,
              "opacity": 255,
              "positionPercentX": 0,
              "positionPercentY": 0.118451022,
              "positionType": 0,
              "rotation": 0,
              "scaleX": 1,
              "scaleY": 1,
              "sizePercentX": 0.9939577,
              "sizePercentY": 0.0523918,
              "sizeType": 0,
              "tag": 5408,
              "touchAble": false,
              "useMergedTexture": false,
              "visible": true,
              "width": 658,
              "x": 0,
              "y": 104,
              "capInsetsHeight": 1,
              "capInsetsWidth": 1,
              "capInsetsX": 0,
              "capInsetsY": 0,
              "fileName": null,
              "fileNameData": {
                "path": "Games/GLobby/res/club/profitReport/baipao.png",
                "plistFile": "",
                "resourceType": 0
              },
              "scale9Enable": false,
              "scale9Height": 46,
              "scale9Width": 658
            }
          },
          {
            "classname": "ImageView",
            "name": null,
            "children": [],
            "options": {
              "__type": "ImageViewSurrogate:#EditorCommon.JsonModel.Component.GUI",
              "classname": "ImageView",
              "name": "Image_3",
              "ZOrder": 0,
              "actiontag": 62163911,
              "anchorPointX": 0.5,
              "anchorPointY": 0.5,
              "classType": "CocoStudio.EngineAdapterWrap.CSImageView",
              "colorB": 255,
              "colorG": 255,
              "colorR": 255,
              "customProperty": "",
              "flipX": false,
              "flipY": false,
              "height": 46,
              "ignoreSize": true,
              "layoutParameter": null,
              "opacity": 255,
              "positionPercentX": 0,
              "positionPercentY": -0.0820045546,
              "positionType": 0,
              "rotation": 0,
              "scaleX": 1,
              "scaleY": 1,
              "sizePercentX": 0.9939577,
              "sizePercentY": 0.0523918,
              "sizeType": 0,
              "tag": 5410,
              "touchAble": false,
              "useMergedTexture": false,
              "visible": true,
              "width": 658,
              "x": 0,
              "y": -72,
              "capInsetsHeight": 1,
              "capInsetsWidth": 1,
              "capInsetsX": 0,
              "capInsetsY": 0,
              "fileName": null,
              "fileNameData": {
                "path": "Games/GLobby/res/club/profitReport/qianpao.png",
                "plistFile": "",
                "resourceType": 0
              },
              "scale9Enable": false,
              "scale9Height": 46,
              "scale9Width": 658
            }
          },
          {
            "classname": "ImageView",
            "name": null,
            "children": [],
            "options": {
              "__type": "ImageViewSurrogate:#EditorCommon.JsonModel.Component.GUI",
              "classname": "ImageView",
              "name": "Image_4",
              "ZOrder": 0,
              "actiontag": 48902161,
              "anchorPointX": 0.5,
              "anchorPointY": 0.5,
              "classType": "CocoStudio.EngineAdapterWrap.CSImageView",
              "colorB": 255,
              "colorG": 255,
              "colorR": 255,
              "customProperty": "",
              "flipX": false,
              "flipY": false,
              "height": 26,
              "ignoreSize": true,
              "layoutParameter": null,
              "opacity": 255,
              "positionPercentX": 0.04531722,
              "positionPercentY": 0.218678817,
              "positionType": 0,
              "rotation": 0,
              "scaleX": 1,
              "scaleY": 1,
              "sizePercentX": 0.173716009,
              "sizePercentY": 0.0296127554,
              "sizeType": 0,
              "tag": 5411,
              "touchAble": false,
              "useMergedTexture": false,
              "visible": true,
              "width": 115,
              "x": 30,
              "y": 192,
              "capInsetsHeight": 1,
              "capInsetsWidth": 1,
              "capInsetsX": 0,
              "capInsetsY": 0,
              "fileName": null,
              "fileNameData": {
                "path": "Games/GLobby/res/club/profitReport/txt_fenzhifanwei.png",
                "plistFile": "",
                "resourceType": 0
              },
              "scale9Enable": false,
              "scale9Height": 26,
              "scale9Width": 115
            }
          },
          {
            "classname": "ImageView",
            "name": null,
            "children": [],
            "options": {
              "__type": "ImageViewSurrogate:#EditorCommon.JsonModel.Component.GUI",
              "classname": "ImageView",
              "name": "Image_5",
              "ZOrder": 0,
              "actiontag": 29899034,
              "anchorPointX": 0.5,
              "anchorPointY": 0.5,
              "classType": "CocoStudio.EngineAdapterWrap.CSImageView",
              "colorB": 255,
              "colorG": 255,
              "colorR": 255,
              "customProperty": "",
              "flipX": false,
              "flipY": false,
              "height": 26,
              "ignoreSize": true,
              "layoutParameter": null,
              "opacity": 255,
              "positionPercentX": 0.04531722,
              "positionPercentY": 0.0182232354,
              "positionType": 0,
              "rotation": 0,
              "scaleX": 1,
              "scaleY": 1,
              "sizePercentX": 0.173716009,
              "sizePercentY": 0.0296127554,
              "sizeType": 0,
              "tag": 5413,
              "touchAble": false,
              "useMergedTexture": false,
              "visible": true,
              "width": 115,
              "x": 30,
              "y": 16,
              "capInsetsHeight": 1,
              "capInsetsWidth": 1,
              "capInsetsX": 0,
              "capInsetsY": 0,
              "fileName": null,
              "fileNameData": {
                "path": "Games/GLobby/res/club/profitReport/txt_fenzhifanwei.png",
                "plistFile": "",
                "resourceType": 0
              },
              "scale9Enable": false,
              "scale9Height": 26,
              "scale9Width": 115
            }
          },
          {
            "classname": "ImageView",
            "name": null,
            "children": [],
            "options": {
              "__type": "ImageViewSurrogate:#EditorCommon.JsonModel.Component.GUI",
              "classname": "ImageView",
              "name": "Image_6",
              "ZOrder": 0,
              "actiontag": 49502059,
              "anchorPointX": 0.5,
              "anchorPointY": 0.5,
              "classType": "CocoStudio.EngineAdapterWrap.CSImageView",
              "colorB": 255,
              "colorG": 255,
              "colorR": 255,
              "customProperty": "",
              "flipX": false,
              "flipY": false,
              "height": 26,
              "ignoreSize": true,
              "layoutParameter": null,
              "opacity": 255,
              "positionPercentX": 0.04531722,
              "positionPercentY": -0.18223235,
              "positionType": 0,
              "rotation": 0,
              "scaleX": 1,
              "scaleY": 1,
              "sizePercentX": 0.173716009,
              "sizePercentY": 0.0296127554,
              "sizeType": 0,
              "tag": 5414,
              "touchAble": false,
              "useMergedTexture": false,
              "visible": true,
              "width": 115,
              "x": 30,
              "y": -160,
              "capInsetsHeight": 1,
              "capInsetsWidth": 1,
              "capInsetsX": 0,
              "capInsetsY": 0,
              "fileName": null,
              "fileNameData": {
                "path": "Games/GLobby/res/club/profitReport/txt_fenzhifanwei.png",
                "plistFile": "",
                "resourceType": 0
              },
              "scale9Enable": false,
              "scale9Height": 26,
              "scale9Width": 115
            }
          },
          {
            "classname": "ImageView",
            "name": null,
            "children": [
              {
                "classname": "TextField",
                "name": null,
                "children": [],
                "options": {
                  "__type": "TextFieldSurrogate:#EditorCommon.JsonModel.Component.GUI",
                  "classname": "TextField",
                  "name": "TextField_ten",
                  "ZOrder": 0,
                  "actiontag": 61717285,
                  "anchorPointX": 1.49011612E-08,
                  "anchorPointY": 1.49011612E-08,
                  "classType": "CocoStudio.EngineAdapterWrap.CSTextField",
                  "colorB": 255,
                  "colorG": 255,
                  "colorR": 255,
                  "customProperty": "",
                  "flipX": false,
                  "flipY": false,
                  "height": 40,
                  "ignoreSize": false,
                  "layoutParameter": null,
                  "opacity": 255,
                  "positionPercentX": -0.489011,
                  "positionPercentY": -0.4,
                  "positionType": 0,
                  "rotation": 0,
                  "scaleX": 1,
                  "scaleY": 1,
                  "sizePercentX": 0.978022,
                  "sizePercentY": 1,
                  "sizeType": 0,
                  "tag": 5415,
                  "touchAble": true,
                  "useMergedTexture": false,
                  "visible": true,
                  "width": 178,
                  "x": -89,
                  "y": -16,
                  "areaHeight": 40,
                  "areaWidth": 178,
                  "fontFile": null,
                  "fontName": "微软雅黑",
                  "fontSize": 30,
                  "maxLength": 8,
                  "maxLengthEnable": true,
                  "passwordEnable": false,
                  "passwordStyleText": "*",
                  "placeHolder": "请输入分值",
                  "text": ""
                }
              }
            ],
            "options": {
              "__type": "ImageViewSurrogate:#EditorCommon.JsonModel.Component.GUI",
              "classname": "ImageView",
              "name": "Image_ten",
              "ZOrder": 0,
              "actiontag": 49923868,
              "anchorPointX": 0.5,
              "anchorPointY": 0.5,
              "classType": "CocoStudio.EngineAdapterWrap.CSImageView",
              "colorB": 255,
              "colorG": 255,
              "colorR": 255,
              "customProperty": "",
              "flipX": false,
              "flipY": false,
              "height": 40,
              "ignoreSize": true,
              "layoutParameter": null,
              "opacity": 255,
              "positionPercentX": 0.271903336,
              "positionPercentY": 0.218678817,
              "positionType": 0,
              "rotation": 0,
              "scaleX": 1,
              "scaleY": 1,
              "sizePercentX": 0.274924457,
              "sizePercentY": 0.0455580875,
              "sizeType": 0,
              "tag": 5419,
              "touchAble": false,
              "useMergedTexture": false,
              "visible": true,
              "width": 182,
              "x": 180,
              "y": 192,
              "capInsetsHeight": 1,
              "capInsetsWidth": 1,
              "capInsetsX": 0,
              "capInsetsY": 0,
              "fileName": null,
              "fileNameData": {
                "path": "Games/GLobby/res/club/profitReport/shurukuang.png",
                "plistFile": "",
                "resourceType": 0
              },
              "scale9Enable": false,
              "scale9Height": 40,
              "scale9Width": 182
            }
          },
          {
            "classname": "ImageView",
            "name": null,
            "children": [
              {
                "classname": "TextField",
                "name": null,
                "children": [],
                "options": {
                  "__type": "TextFieldSurrogate:#EditorCommon.JsonModel.Component.GUI",
                  "classname": "TextField",
                  "name": "TextField_hundred",
                  "ZOrder": 0,
                  "actiontag": 55368656,
                  "anchorPointX": 1.49011612E-08,
                  "anchorPointY": 1.49011612E-08,
                  "classType": "CocoStudio.EngineAdapterWrap.CSTextField",
                  "colorB": 255,
                  "colorG": 255,
                  "colorR": 255,
                  "customProperty": "",
                  "flipX": false,
                  "flipY": false,
                  "height": 40,
                  "ignoreSize": false,
                  "layoutParameter": null,
                  "opacity": 255,
                  "positionPercentX": -0.489011,
                  "positionPercentY": -0.4,
                  "positionType": 0,
                  "rotation": 0,
                  "scaleX": 1,
                  "scaleY": 1,
                  "sizePercentX": 0.978022,
                  "sizePercentY": 1,
                  "sizeType": 0,
                  "tag": 5417,
                  "touchAble": true,
                  "useMergedTexture": false,
                  "visible": true,
                  "width": 178,
                  "x": -89,
                  "y": -16,
                  "areaHeight": 40,
                  "areaWidth": 178,
                  "fontFile": null,
                  "fontName": "微软雅黑",
                  "fontSize": 30,
                  "maxLength": 8,
                  "maxLengthEnable": true,
                  "passwordEnable": false,
                  "passwordStyleText": "*",
                  "placeHolder": "请输入分值",
                  "text": ""
                }
              }
            ],
            "options": {
              "__type": "ImageViewSurrogate:#EditorCommon.JsonModel.Component.GUI",
              "classname": "ImageView",
              "name": "Image_hundred",
              "ZOrder": 0,
              "actiontag": 53389617,
              "anchorPointX": 0.5,
              "anchorPointY": 0.5,
              "classType": "CocoStudio.EngineAdapterWrap.CSImageView",
              "colorB": 255,
              "colorG": 255,
              "colorR": 255,
              "customProperty": "",
              "flipX": false,
              "flipY": false,
              "height": 40,
              "ignoreSize": true,
              "layoutParameter": null,
              "opacity": 255,
              "positionPercentX": 0.271903336,
              "positionPercentY": 0.0182232354,
              "positionType": 0,
              "rotation": 0,
              "scaleX": 1,
              "scaleY": 1,
              "sizePercentX": 0.274924457,
              "sizePercentY": 0.0455580875,
              "sizeType": 0,
              "tag": 5421,
              "touchAble": false,
              "useMergedTexture": false,
              "visible": true,
              "width": 182,
              "x": 180,
              "y": 16,
              "capInsetsHeight": 1,
              "capInsetsWidth": 1,
              "capInsetsX": 0,
              "capInsetsY": 0,
              "fileName": null,
              "fileNameData": {
                "path": "Games/GLobby/res/club/profitReport/shurukuang.png",
                "plistFile": "",
                "resourceType": 0
              },
              "scale9Enable": false,
              "scale9Height": 40,
              "scale9Width": 182
            }
          },
          {
            "classname": "ImageView",
            "name": null,
            "children": [
              {
                "classname": "TextField",
                "name": null,
                "children": [],
                "options": {
                  "__type": "TextFieldSurrogate:#EditorCommon.JsonModel.Component.GUI",
                  "classname": "TextField",
                  "name": "TextField_thousand",
                  "ZOrder": 0,
                  "actiontag": 30746343,
                  "anchorPointX": 0,
                  "anchorPointY": 1.49011612E-08,
                  "classType": "CocoStudio.EngineAdapterWrap.CSTextField",
                  "colorB": 255,
                  "colorG": 255,
                  "colorR": 255,
                  "customProperty": "",
                  "flipX": false,
                  "flipY": false,
                  "height": 40,
                  "ignoreSize": false,
                  "layoutParameter": null,
                  "opacity": 255,
                  "positionPercentX": -0.489011,
                  "positionPercentY": -0.4,
                  "positionType": 0,
                  "rotation": 0,
                  "scaleX": 1,
                  "scaleY": 1,
                  "sizePercentX": 0.978022,
                  "sizePercentY": 1,
                  "sizeType": 0,
                  "tag": 5418,
                  "touchAble": true,
                  "useMergedTexture": false,
                  "visible": true,
                  "width": 178,
                  "x": -89,
                  "y": -16,
                  "areaHeight": 40,
                  "areaWidth": 178,
                  "fontFile": null,
                  "fontName": "微软雅黑",
                  "fontSize": 30,
                  "maxLength": 8,
                  "maxLengthEnable": true,
                  "passwordEnable": false,
                  "passwordStyleText": "*",
                  "placeHolder": "请输入分值",
                  "text": ""
                }
              }
            ],
            "options": {
              "__type": "ImageViewSurrogate:#EditorCommon.JsonModel.Component.GUI",
              "classname": "ImageView",
              "name": "Image_thousand",
              "ZOrder": 0,
              "actiontag": 42437715,
              "anchorPointX": 0.5,
              "anchorPointY": 0.5,
              "classType": "CocoStudio.EngineAdapterWrap.CSImageView",
              "colorB": 255,
              "colorG": 255,
              "colorR": 255,
              "customProperty": "",
              "flipX": false,
              "flipY": false,
              "height": 40,
              "ignoreSize": true,
              "layoutParameter": null,
              "opacity": 255,
              "positionPercentX": 0.271903336,
              "positionPercentY": -0.18223235,
              "positionType": 0,
              "rotation": 0,
              "scaleX": 1,
              "scaleY": 1,
              "sizePercentX": 0.274924457,
              "sizePercentY": 0.0455580875,
              "sizeType": 0,
              "tag": 5422,
              "touchAble": false,
              "useMergedTexture": false,
              "visible": true,
              "width": 182,
              "x": 180,
              "y": -160,
              "capInsetsHeight": 1,
              "capInsetsWidth": 1,
              "capInsetsX": 0,
              "capInsetsY": 0,
              "fileName": null,
              "fileNameData": {
                "path": "Games/GLobby/res/club/profitReport/shurukuang.png",
                "plistFile": "",
                "resourceType": 0
              },
              "scale9Enable": false,
              "scale9Height": 40,
              "scale9Width": 182
            }
          },
          {
            "classname": "ImageView",
            "name": null,
            "children": [],
            "options": {
              "__type": "ImageViewSurrogate:#EditorCommon.JsonModel.Component.GUI",
              "classname": "ImageView",
              "name": "Image_confirm",
              "ZOrder": 0,
              "actiontag": 52037695,
              "anchorPointX": 0.5,
              "anchorPointY": 0.5,
              "classType": "CocoStudio.EngineAdapterWrap.CSImageView",
              "colorB": 255,
              "colorG": 255,
              "colorR": 255,
              "customProperty": "",
              "flipX": false,
              "flipY": false,
              "height": 59,
              "ignoreSize": true,
              "layoutParameter": null,
              "opacity": 255,
              "positionPercentX": 0,
              "positionPercentY": -0.398633271,
              "positionType": 0,
              "rotation": 0,
              "scaleX": 1,
              "scaleY": 1,
              "sizePercentX": 0.24924472,
              "sizePercentY": 0.06719818,
              "sizeType": 0,
              "tag": 5424,
              "touchAble": false,
              "useMergedTexture": false,
              "visible": true,
              "width": 165,
              "x": 0,
              "y": -350,
              "capInsetsHeight": 1,
              "capInsetsWidth": 1,
              "capInsetsX": 0,
              "capInsetsY": 0,
              "fileName": null,
              "fileNameData": {
                "path": "Games/GLobby/res/club/profitReport/button_queding.png",
                "plistFile": "",
                "resourceType": 0
              },
              "scale9Enable": false,
              "scale9Height": 59,
              "scale9Width": 165
            }
          }
        ],
        "options": {
          "__type": "PanelSurrogate:#EditorCommon.JsonModel.Component.GUI",
          "classname": "Panel",
          "name": "Panel_profit_control",
          "ZOrder": 1,
          "actiontag": 14100525,
          "anchorPointX": 0.5,
          "anchorPointY": 0.5,
          "classType": "CocoStudio.EngineAdapterWrap.CSPanel",
          "colorB": 255,
          "colorG": 255,
          "colorR": 255,
          "customProperty": "",
          "flipX": false,
          "flipY": false,
          "height": 878,
          "ignoreSize": false,
          "layoutParameter": null,
          "opacity": 255,
          "positionPercentX": 0.5,
          "positionPercentY": 0.5703125,
          "positionType": 0,
          "rotation": 0,
          "scaleX": 1,
          "scaleY": 1,
          "sizePercentX": 0.919444442,
          "sizePercentY": 0.6859375,
          "sizeType": 0,
          "tag": 558,
          "touchAble": true,
          "useMergedTexture": false,
          "visible": true,
          "width": 662,
          "x": 360,
          "y": 730,
          "adaptScreen": false,
          "backGroundImage": null,
          "backGroundImageData": null,
          "backGroundScale9Enable": false,
          "bgColorB": 255,
          "bgColorG": 200,
          "bgColorOpacity": 100,
          "bgColorR": 150,
          "bgEndColorB": 255,
          "bgEndColorG": 200,
          "bgEndColorR": 150,
          "bgStartColorB": 255,
          "bgStartColorG": 255,
          "bgStartColorR": 255,
          "capInsetsHeight": 1,
          "capInsetsWidth": 1,
          "capInsetsX": 0,
          "capInsetsY": 0,
          "clipAble": false,
          "colorType": 0,
          "layoutType": 0,
          "vectorX": 0,
          "vectorY": -0.5
        }
      }
    ],
    "options": {
      "__type": "PanelSurrogate:#EditorCommon.JsonModel.Component.GUI",
      "classname": "Panel",
      "name": "Panel_control",
      "ZOrder": 0,
      "actiontag": -1,
      "anchorPointX": 0,
      "anchorPointY": 0,
      "classType": "CocoStudio.EngineAdapterWrap.CSPanel",
      "colorB": 255,
      "colorG": 255,
      "colorR": 255,
      "customProperty": "",
      "flipX": false,
      "flipY": false,
      "height": 1280,
      "ignoreSize": false,
      "layoutParameter": null,
      "opacity": 255,
      "positionPercentX": 0,
      "positionPercentY": 0,
      "positionType": 0,
      "rotation": 0,
      "scaleX": 1,
      "scaleY": 1,
      "sizePercentX": 1,
      "sizePercentY": 1,
      "sizeType": 0,
      "tag": 536,
      "touchAble": true,
      "useMergedTexture": false,
      "visible": true,
      "width": 720,
      "x": 0,
      "y": 0,
      "adaptScreen": false,
      "backGroundImage": null,
      "backGroundImageData": null,
      "backGroundScale9Enable": false,
      "bgColorB": 255,
      "bgColorG": 200,
      "bgColorOpacity": 0,
      "bgColorR": 150,
      "bgEndColorB": 255,
      "bgEndColorG": 200,
      "bgEndColorR": 150,
      "bgStartColorB": 255,
      "bgStartColorG": 255,
      "bgStartColorR": 255,
      "capInsetsHeight": 1,
      "capInsetsWidth": 1,
      "capInsetsX": 0,
      "capInsetsY": 0,
      "clipAble": false,
      "colorType": 0,
      "layoutType": 0,
      "vectorX": 0,
      "vectorY": -0.5
    }
  }
}