{
  "classname": null,
  "name": null,
  "animation": {
    "classname": null,
    "name": "AnimationManager",
    "actionlist": []
  },
  "dataScale": 1,
  "designHeight": 70,
  "designWidth": 662,
  "textures": [],
  "texturesPng": [
    "Games/GLobby/res/my/myBullet/NaviBar2.png",
    "Games/GLobby/res/common/dibanBg.png",
    "Games/GLobby/res/common/commonLine.png"
  ],
  "version": "1.6.0.0",
  "widgetTree": {
    "classname": "Panel",
    "name": null,
    "children": [
      {
        "classname": "ImageView",
        "name": null,
        "children": [],
        "options": {
          "__type": "ImageViewSurrogate:#EditorCommon.JsonModel.Component.GUI",
          "classname": "ImageView",
          "name": "Image_top",
          "ZOrder": 0,
          "actiontag": 3685692,
          "anchorPointX": 0.5,
          "anchorPointY": 0.5,
          "classType": "CocoStudio.EngineAdapterWrap.CSImageView",
          "colorB": 255,
          "colorG": 255,
          "colorR": 255,
          "customProperty": "",
          "flipX": false,
          "flipY": false,
          "height": 50,
          "ignoreSize": false,
          "layoutParameter": null,
          "opacity": 255,
          "positionPercentX": 0.5,
          "positionPercentY": 1.11428571,
          "positionType": 0,
          "rotation": 0,
          "scaleX": 1,
          "scaleY": 1,
          "sizePercentX": 1,
          "sizePercentY": 0.714285731,
          "sizeType": 0,
          "tag": 2667,
          "touchAble": false,
          "useMergedTexture": false,
          "visible": false,
          "width": 662,
          "x": 331,
          "y": 78,
          "capInsetsHeight": 1,
          "capInsetsWidth": 1,
          "capInsetsX": 0,
          "capInsetsY": 0,
          "fileName": null,
          "fileNameData": {
            "path": "Games/GLobby/res/my/myBullet/NaviBar2.png",
            "plistFile": "",
            "resourceType": 0
          },
          "scale9Enable": false,
          "scale9Height": 50,
          "scale9Width": 662
        }
      },
      {
        "classname": "ImageView",
        "name": null,
        "children": [],
        "options": {
          "__type": "ImageViewSurrogate:#EditorCommon.JsonModel.Component.GUI",
          "classname": "ImageView",
          "name": "Image_bg",
          "ZOrder": 0,
          "actiontag": 29131108,
          "anchorPointX": 0.5,
          "anchorPointY": 0.5,
          "classType": "CocoStudio.EngineAdapterWrap.CSImageView",
          "colorB": 255,
          "colorG": 255,
          "colorR": 255,
          "customProperty": "",
          "flipX": false,
          "flipY": false,
          "height": 70,
          "ignoreSize": false,
          "layoutParameter": null,
          "opacity": 255,
          "positionPercentX": 0.525679767,
          "positionPercentY": 0.5,
          "positionType": 0,
          "rotation": 0,
          "scaleX": 1,
          "scaleY": 1,
          "sizePercentX": 1.05135953,
          "sizePercentY": 1,
          "sizeType": 0,
          "tag": 2662,
          "touchAble": false,
          "useMergedTexture": false,
          "visible": false,
          "width": 696,
          "x": 348,
          "y": 35,
          "capInsetsHeight": 2,
          "capInsetsWidth": 2,
          "capInsetsX": 10,
          "capInsetsY": 10,
          "fileName": null,
          "fileNameData": {
            "path": "Games/GLobby/res/common/dibanBg.png",
            "plistFile": "",
            "resourceType": 0
          },
          "scale9Enable": true,
          "scale9Height": 70,
          "scale9Width": 696
        }
      },
      {
        "classname": "Label",
        "name": null,
        "children": [],
        "options": {
          "__type": "LabelSurrogate:#EditorCommon.JsonModel.Component.GUI",
          "classname": "Label",
          "name": "Label_time",
          "ZOrder": 0,
          "actiontag": 45626842,
          "anchorPointX": 0.5,
          "anchorPointY": 0.5,
          "classType": "CocoStudio.EngineAdapterWrap.CSLabel",
          "colorB": 181,
          "colorG": 211,
          "colorR": 215,
          "customProperty": "",
          "flipX": false,
          "flipY": false,
          "height": 0,
          "ignoreSize": true,
          "layoutParameter": null,
          "opacity": 255,
          "positionPercentX": 0.202416912,
          "positionPercentY": 0.5,
          "positionType": 0,
          "rotation": 0,
          "scaleX": 1,
          "scaleY": 1,
          "sizePercentX": 0.181268886,
          "sizePercentY": 0.342857152,
          "sizeType": 0,
          "tag": 2668,
          "touchAble": false,
          "useMergedTexture": false,
          "visible": true,
          "width": 0,
          "x": 134,
          "y": 35,
          "areaHeight": 0,
          "areaWidth": 0,
          "fontFile": null,
          "fontName": "Games/GLobby/res/font/fangzhengzhunyuan.TTF",
          "fontSize": 24,
          "hAlignment": 0,
          "text": "",
          "touchScaleEnable": false,
          "vAlignment": 0
        }
      },
      {
        "classname": "Label",
        "name": null,
        "children": [],
        "options": {
          "__type": "LabelSurrogate:#EditorCommon.JsonModel.Component.GUI",
          "classname": "Label",
          "name": "Label_totalNum",
          "ZOrder": 0,
          "actiontag": 22328389,
          "anchorPointX": 1,
          "anchorPointY": 0.5,
          "classType": "CocoStudio.EngineAdapterWrap.CSLabel",
          "colorB": 181,
          "colorG": 211,
          "colorR": 215,
          "customProperty": "",
          "flipX": false,
          "flipY": false,
          "height": 0,
          "ignoreSize": true,
          "layoutParameter": null,
          "opacity": 255,
          "positionPercentX": 0.839879155,
          "positionPercentY": 0.5,
          "positionType": 0,
          "rotation": 0,
          "scaleX": 1,
          "scaleY": 1,
          "sizePercentX": 0.163142,
          "sizePercentY": 0.342857152,
          "sizeType": 0,
          "tag": 2670,
          "touchAble": false,
          "useMergedTexture": false,
          "visible": true,
          "width": 0,
          "x": 556,
          "y": 35,
          "areaHeight": 0,
          "areaWidth": 0,
          "fontFile": null,
          "fontName": "Games/GLobby/res/font/fangzhengzhunyuan.TTF",
          "fontSize": 24,
          "hAlignment": 0,
          "text": "",
          "touchScaleEnable": false,
          "vAlignment": 0
        }
      },
      {
        "classname": "ImageView",
        "name": null,
        "children": [],
        "options": {
          "__type": "ImageViewSurrogate:#EditorCommon.JsonModel.Component.GUI",
          "classname": "ImageView",
          "name": "Image_seg",
          "ZOrder": 0,
          "actiontag": 14135974,
          "anchorPointX": 0.5,
          "anchorPointY": 0.5,
          "classType": "CocoStudio.EngineAdapterWrap.CSImageView",
          "colorB": 255,
          "colorG": 255,
          "colorR": 255,
          "customProperty": "",
          "flipX": false,
          "flipY": false,
          "height": 2,
          "ignoreSize": false,
          "layoutParameter": null,
          "opacity": 255,
          "positionPercentX": 0.5,
          "positionPercentY": 0.9714286,
          "positionType": 0,
          "rotation": 0,
          "scaleX": 1,
          "scaleY": 1,
          "sizePercentX": 1,
          "sizePercentY": 0.0285714287,
          "sizeType": 0,
          "tag": 3089,
          "touchAble": false,
          "useMergedTexture": false,
          "visible": true,
          "width": 662,
          "x": 331,
          "y": 68,
          "capInsetsHeight": 1,
          "capInsetsWidth": 1,
          "capInsetsX": 1,
          "capInsetsY": 1,
          "fileName": null,
          "fileNameData": {
            "path": "Games/GLobby/res/common/commonLine.png",
            "plistFile": "",
            "resourceType": 0
          },
          "scale9Enable": true,
          "scale9Height": 2,
          "scale9Width": 662
        }
      }
    ],
    "options": {
      "__type": "PanelSurrogate:#EditorCommon.JsonModel.Component.GUI",
      "classname": "Panel",
      "name": "Panel_bullet_item",
      "ZOrder": 0,
      "actiontag": -1,
      "anchorPointX": 0,
      "anchorPointY": 0,
      "classType": "CocoStudio.EngineAdapterWrap.CSPanel",
      "colorB": 255,
      "colorG": 255,
      "colorR": 255,
      "customProperty": "",
      "flipX": false,
      "flipY": false,
      "height": 70,
      "ignoreSize": false,
      "layoutParameter": null,
      "opacity": 255,
      "positionPercentX": 0,
      "positionPercentY": 0,
      "positionType": 0,
      "rotation": 0,
      "scaleX": 1,
      "scaleY": 1,
      "sizePercentX": 1,
      "sizePercentY": 1,
      "sizeType": 0,
      "tag": 2661,
      "touchAble": true,
      "useMergedTexture": false,
      "visible": true,
      "width": 662,
      "x": 0,
      "y": 0,
      "adaptScreen": false,
      "backGroundImage": null,
      "backGroundImageData": null,
      "backGroundScale9Enable": false,
      "bgColorB": 255,
      "bgColorG": 200,
      "bgColorOpacity": 0,
      "bgColorR": 150,
      "bgEndColorB": 255,
      "bgEndColorG": 200,
      "bgEndColorR": 150,
      "bgStartColorB": 255,
      "bgStartColorG": 255,
      "bgStartColorR": 255,
      "capInsetsHeight": 1,
      "capInsetsWidth": 1,
      "capInsetsX": 0,
      "capInsetsY": 0,
      "clipAble": false,
      "colorType": 1,
      "layoutType": 0,
      "vectorX": 0,
      "vectorY": -0.5
    }
  }
}