{
  "classname": null,
  "name": null,
  "animation": {
    "classname": null,
    "name": "AnimationManager",
    "actionlist": []
  },
  "dataScale": 1,
  "designHeight": 1280,
  "designWidth": 720,
  "textures": [],
  "texturesPng": [
    "Games/GLobby/res/common/bg.png",
    "Games/GLobby/res/common/img_panel.png",
    "Games/GLobby/res/club/clubHead/icon_huizhang1.png",
    "Games/GLobby/res/club/clubManage/baocun.png"
  ],
  "version": "1.6.0.0",
  "widgetTree": {
    "classname": "Panel",
    "name": null,
    "children": [
      {
        "classname": "ImageView",
        "name": null,
        "children": [],
        "options": {
          "__type": "ImageViewSurrogate:#EditorCommon.JsonModel.Component.GUI",
          "classname": "ImageView",
          "name": "Image_bg",
          "ZOrder": 0,
          "actiontag": 39370608,
          "anchorPointX": 0.5,
          "anchorPointY": 0.5,
          "classType": "CocoStudio.EngineAdapterWrap.CSImageView",
          "colorB": 255,
          "colorG": 255,
          "colorR": 255,
          "customProperty": "",
          "flipX": false,
          "flipY": false,
          "height": 1280,
          "ignoreSize": false,
          "layoutParameter": null,
          "opacity": 255,
          "positionPercentX": 0.5,
          "positionPercentY": 0.5,
          "positionType": 0,
          "rotation": 0,
          "scaleX": 1,
          "scaleY": 1,
          "sizePercentX": 1,
          "sizePercentY": 1,
          "sizeType": 0,
          "tag": 716,
          "touchAble": false,
          "useMergedTexture": false,
          "visible": true,
          "width": 720,
          "x": 360,
          "y": 640,
          "capInsetsHeight": 2,
          "capInsetsWidth": 2,
          "capInsetsX": 10,
          "capInsetsY": 10,
          "fileName": null,
          "fileNameData": {
            "path": "Games/GLobby/res/common/bg.png",
            "plistFile": "",
            "resourceType": 0
          },
          "scale9Enable": true,
          "scale9Height": 1280,
          "scale9Width": 720
        }
      },
      {
        "classname": "ImageView",
        "name": null,
        "children": [
          {
            "classname": "Label",
            "name": null,
            "children": [],
            "options": {
              "__type": "LabelSurrogate:#EditorCommon.JsonModel.Component.GUI",
              "classname": "Label",
              "name": "Label_head",
              "ZOrder": 0,
              "actiontag": 43173987,
              "anchorPointX": 0.5,
              "anchorPointY": 0.5,
              "classType": "CocoStudio.EngineAdapterWrap.CSLabel",
              "colorB": 181,
              "colorG": 211,
              "colorR": 215,
              "customProperty": "",
              "flipX": false,
              "flipY": false,
              "height": 34,
              "ignoreSize": true,
              "layoutParameter": null,
              "opacity": 255,
              "positionPercentX": -0.291666657,
              "positionPercentY": 0,
              "positionType": 0,
              "rotation": 0,
              "scaleX": 1,
              "scaleY": 1,
              "sizePercentX": 0.188888893,
              "sizePercentY": 0.226666674,
              "sizeType": 0,
              "tag": 722,
              "touchAble": false,
              "useMergedTexture": false,
              "visible": true,
              "width": 136,
              "x": -210,
              "y": 0,
              "areaHeight": 0,
              "areaWidth": 0,
              "fontFile": null,
              "fontName": "Games/GLobby/res/font/fangzhengzhunyuan.TTF",
              "fontSize": 34,
              "hAlignment": 0,
              "text": "渔场头像",
              "touchScaleEnable": false,
              "vAlignment": 0
            }
          },
          {
            "classname": "ImageView",
            "name": null,
            "children": [],
            "options": {
              "__type": "ImageViewSurrogate:#EditorCommon.JsonModel.Component.GUI",
              "classname": "ImageView",
              "name": "Image_club_head",
              "ZOrder": 0,
              "actiontag": 53646020,
              "anchorPointX": 0.5,
              "anchorPointY": 0.5,
              "classType": "CocoStudio.EngineAdapterWrap.CSImageView",
              "colorB": 255,
              "colorG": 255,
              "colorR": 255,
              "customProperty": "",
              "flipX": false,
              "flipY": false,
              "height": 108,
              "ignoreSize": true,
              "layoutParameter": null,
              "opacity": 255,
              "positionPercentX": 0.319444448,
              "positionPercentY": 0,
              "positionType": 0,
              "rotation": 0,
              "scaleX": 1,
              "scaleY": 1,
              "sizePercentX": 0.151388884,
              "sizePercentY": 0.9066667,
              "sizeType": 0,
              "tag": 723,
              "touchAble": false,
              "useMergedTexture": false,
              "visible": true,
              "width": 86,
              "x": 230,
              "y": 0,
              "capInsetsHeight": 1,
              "capInsetsWidth": 1,
              "capInsetsX": 0,
              "capInsetsY": 0,
              "fileName": null,
              "fileNameData": {
                "path": "Games/GLobby/res/club/clubHead/icon_huizhang1.png",
                "plistFile": "",
                "resourceType": 0
              },
              "scale9Enable": false,
              "scale9Height": 108,
              "scale9Width": 86
            }
          }
        ],
        "options": {
          "__type": "ImageViewSurrogate:#EditorCommon.JsonModel.Component.GUI",
          "classname": "ImageView",
          "name": "Image_head_bg",
          "ZOrder": 0,
          "actiontag": 39660825,
          "anchorPointX": 0.5,
          "anchorPointY": 0.5,
          "classType": "CocoStudio.EngineAdapterWrap.CSImageView",
          "colorB": 255,
          "colorG": 255,
          "colorR": 255,
          "customProperty": "",
          "flipX": false,
          "flipY": false,
          "height": 150,
          "ignoreSize": false,
          "layoutParameter": null,
          "opacity": 255,
          "positionPercentX": 0.5,
          "positionPercentY": 0.828125,
          "positionType": 0,
          "rotation": 0,
          "scaleX": 1,
          "scaleY": 1,
          "sizePercentX": 1,
          "sizePercentY": 0.1171875,
          "sizeType": 0,
          "tag": 717,
          "touchAble": false,
          "useMergedTexture": false,
          "visible": true,
          "width": 720,
          "x": 360,
          "y": 1060,
          "capInsetsHeight": 1,
          "capInsetsWidth": 1,
          "capInsetsX": 40,
          "capInsetsY": 40,
          "fileName": null,
          "fileNameData": {
            "path": "Games/GLobby/res/common/img_panel.png",
            "plistFile": "",
            "resourceType": 0
          },
          "scale9Enable": true,
          "scale9Height": 150,
          "scale9Width": 720
        }
      },
      {
        "classname": "ImageView",
        "name": null,
        "children": [
          {
            "classname": "Label",
            "name": null,
            "children": [],
            "options": {
              "__type": "LabelSurrogate:#EditorCommon.JsonModel.Component.GUI",
              "classname": "Label",
              "name": "Label_name",
              "ZOrder": 0,
              "actiontag": 52529064,
              "anchorPointX": 0.5,
              "anchorPointY": 0.5,
              "classType": "CocoStudio.EngineAdapterWrap.CSLabel",
              "colorB": 181,
              "colorG": 211,
              "colorR": 215,
              "customProperty": "",
              "flipX": false,
              "flipY": false,
              "height": 34,
              "ignoreSize": true,
              "layoutParameter": null,
              "opacity": 255,
              "positionPercentX": -0.291666657,
              "positionPercentY": 0,
              "positionType": 0,
              "rotation": 0,
              "scaleX": 1,
              "scaleY": 1,
              "sizePercentX": 0.188888893,
              "sizePercentY": 0.34,
              "sizeType": 0,
              "tag": 725,
              "touchAble": false,
              "useMergedTexture": false,
              "visible": true,
              "width": 136,
              "x": -210,
              "y": 0,
              "areaHeight": 0,
              "areaWidth": 0,
              "fontFile": null,
              "fontName": "Games/GLobby/res/font/fangzhengzhunyuan.TTF",
              "fontSize": 34,
              "hAlignment": 0,
              "text": "渔场名称",
              "touchScaleEnable": false,
              "vAlignment": 0
            }
          },
          {
            "classname": "Label",
            "name": null,
            "children": [],
            "options": {
              "__type": "LabelSurrogate:#EditorCommon.JsonModel.Component.GUI",
              "classname": "Label",
              "name": "Label_club_name",
              "ZOrder": 0,
              "actiontag": 25921743,
              "anchorPointX": 0.5,
              "anchorPointY": 0.5,
              "classType": "CocoStudio.EngineAdapterWrap.CSLabel",
              "colorB": 181,
              "colorG": 211,
              "colorR": 215,
              "customProperty": "",
              "flipX": false,
              "flipY": false,
              "height": 0,
              "ignoreSize": true,
              "layoutParameter": null,
              "opacity": 255,
              "positionPercentX": 0.2361111,
              "positionPercentY": 0,
              "positionType": 0,
              "rotation": 0,
              "scaleX": 1,
              "scaleY": 1,
              "sizePercentX": 1.38888881E-05,
              "sizePercentY": 0.0001,
              "sizeType": 0,
              "tag": 727,
              "touchAble": false,
              "useMergedTexture": false,
              "visible": true,
              "width": 0,
              "x": 170,
              "y": 0,
              "areaHeight": 0,
              "areaWidth": 0,
              "fontFile": null,
              "fontName": "Games/GLobby/res/font/fangzhengzhunyuan.TTF",
              "fontSize": 34,
              "hAlignment": 1,
              "text": "",
              "touchScaleEnable": false,
              "vAlignment": 1
            }
          },
          {
            "classname": "TextField",
            "name": null,
            "children": [],
            "options": {
              "__type": "TextFieldSurrogate:#EditorCommon.JsonModel.Component.GUI",
              "classname": "TextField",
              "name": "TextField_name",
              "ZOrder": 0,
              "actiontag": 32675207,
              "anchorPointX": 1.49011612E-08,
              "anchorPointY": 1.49011612E-08,
              "classType": "CocoStudio.EngineAdapterWrap.CSTextField",
              "colorB": 255,
              "colorG": 255,
              "colorR": 255,
              "customProperty": "",
              "flipX": false,
              "flipY": false,
              "height": 30,
              "ignoreSize": true,
              "layoutParameter": null,
              "opacity": 255,
              "positionPercentX": 0.125,
              "positionPercentY": -0.14,
              "positionType": 0,
              "rotation": 0,
              "scaleX": 1,
              "scaleY": 1,
              "sizePercentX": 0.291666657,
              "sizePercentY": 0.3,
              "sizeType": 0,
              "tag": 734,
              "touchAble": true,
              "useMergedTexture": false,
              "visible": false,
              "width": 210,
              "x": 90,
              "y": -14,
              "areaHeight": 0,
              "areaWidth": 0,
              "fontFile": null,
              "fontName": "Games/GLobby/res/font/fangzhengzhunyuan.TTF",
              "fontSize": 30,
              "maxLength": 7,
              "maxLengthEnable": true,
              "passwordEnable": false,
              "passwordStyleText": "*",
              "placeHolder": "请输入渔场名称",
              "text": ""
            }
          }
        ],
        "options": {
          "__type": "ImageViewSurrogate:#EditorCommon.JsonModel.Component.GUI",
          "classname": "ImageView",
          "name": "Image_name_bg",
          "ZOrder": 0,
          "actiontag": 47631431,
          "anchorPointX": 0.5,
          "anchorPointY": 0.5,
          "classType": "CocoStudio.EngineAdapterWrap.CSImageView",
          "colorB": 255,
          "colorG": 255,
          "colorR": 255,
          "customProperty": "",
          "flipX": false,
          "flipY": false,
          "height": 100,
          "ignoreSize": false,
          "layoutParameter": null,
          "opacity": 255,
          "positionPercentX": 0.5,
          "positionPercentY": 0.7109375,
          "positionType": 0,
          "rotation": 0,
          "scaleX": 1,
          "scaleY": 1,
          "sizePercentX": 1,
          "sizePercentY": 0.078125,
          "sizeType": 0,
          "tag": 721,
          "touchAble": false,
          "useMergedTexture": false,
          "visible": true,
          "width": 720,
          "x": 360,
          "y": 910,
          "capInsetsHeight": 1,
          "capInsetsWidth": 1,
          "capInsetsX": 40,
          "capInsetsY": 40,
          "fileName": null,
          "fileNameData": {
            "path": "Games/GLobby/res/common/img_panel.png",
            "plistFile": "",
            "resourceType": 0
          },
          "scale9Enable": true,
          "scale9Height": 100,
          "scale9Width": 720
        }
      },
      {
        "classname": "Label",
        "name": null,
        "children": [],
        "options": {
          "__type": "LabelSurrogate:#EditorCommon.JsonModel.Component.GUI",
          "classname": "Label",
          "name": "Label_club_i",
          "ZOrder": 0,
          "actiontag": 27600553,
          "anchorPointX": 0.5,
          "anchorPointY": 0.5,
          "classType": "CocoStudio.EngineAdapterWrap.CSLabel",
          "colorB": 181,
          "colorG": 211,
          "colorR": 215,
          "customProperty": "",
          "flipX": false,
          "flipY": false,
          "height": 34,
          "ignoreSize": true,
          "layoutParameter": null,
          "opacity": 255,
          "positionPercentX": 0.208333328,
          "positionPercentY": 0.6328125,
          "positionType": 0,
          "rotation": 0,
          "scaleX": 1,
          "scaleY": 1,
          "sizePercentX": 0.188888893,
          "sizePercentY": 0.0265625,
          "sizeType": 0,
          "tag": 729,
          "touchAble": false,
          "useMergedTexture": false,
          "visible": true,
          "width": 136,
          "x": 150,
          "y": 810,
          "areaHeight": 0,
          "areaWidth": 0,
          "fontFile": null,
          "fontName": "Games/GLobby/res/font/fangzhengzhunyuan.TTF",
          "fontSize": 34,
          "hAlignment": 0,
          "text": "渔场简介",
          "touchScaleEnable": false,
          "vAlignment": 0
        }
      },
      {
        "classname": "Panel",
        "name": null,
        "children": [
          {
            "classname": "ImageView",
            "name": null,
            "children": [],
            "options": {
              "__type": "ImageViewSurrogate:#EditorCommon.JsonModel.Component.GUI",
              "classname": "ImageView",
              "name": "Image_tfbg",
              "ZOrder": 0,
              "actiontag": 48269280,
              "anchorPointX": 0.5,
              "anchorPointY": 0.5,
              "classType": "CocoStudio.EngineAdapterWrap.CSImageView",
              "colorB": 255,
              "colorG": 255,
              "colorR": 255,
              "customProperty": "",
              "flipX": false,
              "flipY": false,
              "height": 320,
              "ignoreSize": false,
              "layoutParameter": null,
              "opacity": 255,
              "positionPercentX": 0,
              "positionPercentY": 0,
              "positionType": 0,
              "rotation": 0,
              "scaleX": 1,
              "scaleY": 1,
              "sizePercentX": 1,
              "sizePercentY": 1,
              "sizeType": 0,
              "tag": 719,
              "touchAble": false,
              "useMergedTexture": false,
              "visible": true,
              "width": 720,
              "x": 0,
              "y": 0,
              "capInsetsHeight": 1,
              "capInsetsWidth": 1,
              "capInsetsX": 10,
              "capInsetsY": 10,
              "fileName": null,
              "fileNameData": {
                "path": "Games/GLobby/res/common/img_panel.png",
                "plistFile": "",
                "resourceType": 0
              },
              "scale9Enable": true,
              "scale9Height": 320,
              "scale9Width": 720
            }
          },
          {
            "classname": "TextField",
            "name": null,
            "children": [],
            "options": {
              "__type": "TextFieldSurrogate:#EditorCommon.JsonModel.Component.GUI",
              "classname": "TextField",
              "name": "TextField_introduce",
              "ZOrder": 0,
              "actiontag": 5853338,
              "anchorPointX": 0.5,
              "anchorPointY": 0.5,
              "classType": "CocoStudio.EngineAdapterWrap.CSTextField",
              "colorB": 255,
              "colorG": 255,
              "colorR": 255,
              "customProperty": "",
              "flipX": false,
              "flipY": false,
              "height": 310,
              "ignoreSize": false,
              "layoutParameter": null,
              "opacity": 255,
              "positionPercentX": 0,
              "positionPercentY": 0,
              "positionType": 0,
              "rotation": 0,
              "scaleX": 1,
              "scaleY": 1,
              "sizePercentX": 0.9861111,
              "sizePercentY": 0.96875,
              "sizeType": 0,
              "tag": 730,
              "touchAble": true,
              "useMergedTexture": false,
              "visible": false,
              "width": 710,
              "x": 0,
              "y": 0,
              "areaHeight": 310,
              "areaWidth": 710,
              "fontFile": null,
              "fontName": "Games/GLobby/res/font/fangzhengzhunyuan.TTF",
              "fontSize": 28,
              "maxLength": 10,
              "maxLengthEnable": false,
              "passwordEnable": false,
              "passwordStyleText": "*",
              "placeHolder": "这家伙很懒，什么都没留下......",
              "text": ""
            }
          }
        ],
        "options": {
          "__type": "PanelSurrogate:#EditorCommon.JsonModel.Component.GUI",
          "classname": "Panel",
          "name": "Panel_introduce",
          "ZOrder": 0,
          "actiontag": 212844,
          "anchorPointX": 0.5,
          "anchorPointY": 0.5,
          "classType": "CocoStudio.EngineAdapterWrap.CSPanel",
          "colorB": 255,
          "colorG": 255,
          "colorR": 255,
          "customProperty": "",
          "flipX": false,
          "flipY": false,
          "height": 320,
          "ignoreSize": false,
          "layoutParameter": null,
          "opacity": 255,
          "positionPercentX": 0.5,
          "positionPercentY": 0.4765625,
          "positionType": 0,
          "rotation": 0,
          "scaleX": 1,
          "scaleY": 1,
          "sizePercentX": 1,
          "sizePercentY": 0.25,
          "sizeType": 0,
          "tag": 735,
          "touchAble": true,
          "useMergedTexture": false,
          "visible": true,
          "width": 720,
          "x": 360,
          "y": 610,
          "adaptScreen": false,
          "backGroundImage": null,
          "backGroundImageData": null,
          "backGroundScale9Enable": false,
          "bgColorB": 255,
          "bgColorG": 200,
          "bgColorOpacity": 100,
          "bgColorR": 150,
          "bgEndColorB": 255,
          "bgEndColorG": 200,
          "bgEndColorR": 150,
          "bgStartColorB": 255,
          "bgStartColorG": 255,
          "bgStartColorR": 255,
          "capInsetsHeight": 1,
          "capInsetsWidth": 1,
          "capInsetsX": 0,
          "capInsetsY": 0,
          "clipAble": false,
          "colorType": 0,
          "layoutType": 0,
          "vectorX": 0,
          "vectorY": -0.5
        }
      },
      {
        "classname": "ImageView",
        "name": null,
        "children": [],
        "options": {
          "__type": "ImageViewSurrogate:#EditorCommon.JsonModel.Component.GUI",
          "classname": "ImageView",
          "name": "Image_save",
          "ZOrder": 0,
          "actiontag": 47257998,
          "anchorPointX": 0.5,
          "anchorPointY": 0.5,
          "classType": "CocoStudio.EngineAdapterWrap.CSImageView",
          "colorB": 255,
          "colorG": 255,
          "colorR": 255,
          "customProperty": "",
          "flipX": false,
          "flipY": false,
          "height": 66,
          "ignoreSize": true,
          "layoutParameter": null,
          "opacity": 255,
          "positionPercentX": 0.5,
          "positionPercentY": 0.25,
          "positionType": 0,
          "rotation": 0,
          "scaleX": 1,
          "scaleY": 1,
          "sizePercentX": 0.456944436,
          "sizePercentY": 0.0515625,
          "sizeType": 0,
          "tag": 736,
          "touchAble": false,
          "useMergedTexture": false,
          "visible": true,
          "width": 329,
          "x": 360,
          "y": 320,
          "capInsetsHeight": 1,
          "capInsetsWidth": 1,
          "capInsetsX": 0,
          "capInsetsY": 0,
          "fileName": null,
          "fileNameData": {
            "path": "Games/GLobby/res/club/clubManage/baocun.png",
            "plistFile": "",
            "resourceType": 0
          },
          "scale9Enable": false,
          "scale9Height": 66,
          "scale9Width": 329
        }
      }
    ],
    "options": {
      "__type": "PanelSurrogate:#EditorCommon.JsonModel.Component.GUI",
      "classname": "Panel",
      "name": "Panel_28",
      "ZOrder": 0,
      "actiontag": -1,
      "anchorPointX": 0,
      "anchorPointY": 0,
      "classType": "CocoStudio.EngineAdapterWrap.CSPanel",
      "colorB": 255,
      "colorG": 255,
      "colorR": 255,
      "customProperty": "",
      "flipX": false,
      "flipY": false,
      "height": 1280,
      "ignoreSize": false,
      "layoutParameter": null,
      "opacity": 255,
      "positionPercentX": 0,
      "positionPercentY": 0,
      "positionType": 0,
      "rotation": 0,
      "scaleX": 1,
      "scaleY": 1,
      "sizePercentX": 1,
      "sizePercentY": 1,
      "sizeType": 0,
      "tag": 715,
      "touchAble": true,
      "useMergedTexture": false,
      "visible": true,
      "width": 720,
      "x": 0,
      "y": 0,
      "adaptScreen": false,
      "backGroundImage": null,
      "backGroundImageData": null,
      "backGroundScale9Enable": false,
      "bgColorB": 255,
      "bgColorG": 200,
      "bgColorOpacity": 0,
      "bgColorR": 150,
      "bgEndColorB": 255,
      "bgEndColorG": 200,
      "bgEndColorR": 150,
      "bgStartColorB": 255,
      "bgStartColorG": 255,
      "bgStartColorR": 255,
      "capInsetsHeight": 1,
      "capInsetsWidth": 1,
      "capInsetsX": 0,
      "capInsetsY": 0,
      "clipAble": false,
      "colorType": 1,
      "layoutType": 0,
      "vectorX": 0,
      "vectorY": -0.5
    }
  }
}