{
  "classname": null,
  "name": null,
  "animation": {
    "classname": null,
    "name": "AnimationManager",
    "actionlist": []
  },
  "dataScale": 1,
  "designHeight": 1280,
  "designWidth": 720,
  "textures": [],
  "texturesPng": [
    "Games/GLobby/res/club/clubSet/bg.png",
    "Games/GLobby/res/club/clubSet/img2.png",
    "Games/GLobby/res/club/clubSet/img1.png",
    "Games/GLobby/res/club/clubSet/shurukuang1.png",
    "Games/GLobby/res/club/clubSet/kuang.png",
    "Games/GLobby/res/club/clubSet/btn_queding.png",
    "Games/GLobby/res/club/clubSet/btn_quxiao.png",
    "Games/GLobby/res/club/memberManage/img_close.png"
  ],
  "version": "1.6.0.0",
  "widgetTree": {
    "classname": "Panel",
    "name": null,
    "children": [
      {
        "classname": "Panel",
        "name": null,
        "children": [],
        "options": {
          "__type": "PanelSurrogate:#EditorCommon.JsonModel.Component.GUI",
          "classname": "Panel",
          "name": "Panel_bg",
          "ZOrder": 0,
          "actiontag": 2010781,
          "anchorPointX": 0,
          "anchorPointY": 0,
          "classType": "CocoStudio.EngineAdapterWrap.CSPanel",
          "colorB": 255,
          "colorG": 255,
          "colorR": 255,
          "customProperty": "",
          "flipX": false,
          "flipY": false,
          "height": 1280,
          "ignoreSize": false,
          "layoutParameter": null,
          "opacity": 255,
          "positionPercentX": 0,
          "positionPercentY": 0,
          "positionType": 0,
          "rotation": 0,
          "scaleX": 1,
          "scaleY": 1,
          "sizePercentX": 1,
          "sizePercentY": 1,
          "sizeType": 0,
          "tag": 557,
          "touchAble": true,
          "useMergedTexture": false,
          "visible": true,
          "width": 720,
          "x": 0,
          "y": 0,
          "adaptScreen": false,
          "backGroundImage": null,
          "backGroundImageData": null,
          "backGroundScale9Enable": false,
          "bgColorB": 255,
          "bgColorG": 200,
          "bgColorOpacity": 100,
          "bgColorR": 150,
          "bgEndColorB": 255,
          "bgEndColorG": 200,
          "bgEndColorR": 150,
          "bgStartColorB": 255,
          "bgStartColorG": 255,
          "bgStartColorR": 255,
          "capInsetsHeight": 1,
          "capInsetsWidth": 1,
          "capInsetsX": 0,
          "capInsetsY": 0,
          "clipAble": false,
          "colorType": 0,
          "layoutType": 0,
          "vectorX": 0,
          "vectorY": -0.5
        }
      },
      {
        "classname": "Panel",
        "name": null,
        "children": [
          {
            "classname": "ImageView",
            "name": null,
            "children": [],
            "options": {
              "__type": "ImageViewSurrogate:#EditorCommon.JsonModel.Component.GUI",
              "classname": "ImageView",
              "name": "Image_bg",
              "ZOrder": 0,
              "actiontag": 28778414,
              "anchorPointX": 0.5,
              "anchorPointY": 0.5,
              "classType": "CocoStudio.EngineAdapterWrap.CSImageView",
              "colorB": 255,
              "colorG": 255,
              "colorR": 255,
              "customProperty": "",
              "flipX": false,
              "flipY": false,
              "height": 901,
              "ignoreSize": true,
              "layoutParameter": null,
              "opacity": 255,
              "positionPercentX": 0,
              "positionPercentY": 0,
              "positionType": 0,
              "rotation": 0,
              "scaleX": 1,
              "scaleY": 1,
              "sizePercentX": 1,
              "sizePercentY": 1.03773582,
              "sizeType": 0,
              "tag": 976,
              "touchAble": false,
              "useMergedTexture": false,
              "visible": true,
              "width": 662,
              "x": 0,
              "y": 0,
              "capInsetsHeight": 2,
              "capInsetsWidth": 2,
              "capInsetsX": 10,
              "capInsetsY": 10,
              "fileName": null,
              "fileNameData": {
                "path": "Games/GLobby/res/club/clubSet/bg.png",
                "plistFile": "",
                "resourceType": 0
              },
              "scale9Enable": false,
              "scale9Height": 901,
              "scale9Width": 662
            }
          },
          {
            "classname": "Panel",
            "name": null,
            "children": [
              {
                "classname": "CheckBox",
                "name": null,
                "children": [],
                "options": {
                  "__type": "CheckBoxSurrogate:#EditorCommon.JsonModel.Component.GUI",
                  "classname": "CheckBox",
                  "name": "CheckBox_auto",
                  "ZOrder": 0,
                  "actiontag": 60924614,
                  "anchorPointX": 0.5,
                  "anchorPointY": 0.5,
                  "classType": "CocoStudio.EngineAdapterWrap.CSCheckBox",
                  "colorB": 255,
                  "colorG": 255,
                  "colorR": 255,
                  "customProperty": "",
                  "flipX": false,
                  "flipY": false,
                  "height": 41,
                  "ignoreSize": true,
                  "layoutParameter": null,
                  "opacity": 255,
                  "positionPercentX": -0.256797582,
                  "positionPercentY": 0.4,
                  "positionType": 0,
                  "rotation": 0,
                  "scaleX": 1,
                  "scaleY": 1,
                  "sizePercentX": 0.421450138,
                  "sizePercentY": 0.06,
                  "sizeType": 0,
                  "tag": 11805,
                  "touchAble": true,
                  "useMergedTexture": false,
                  "visible": true,
                  "width": 40,
                  "x": -170,
                  "y": 180,
                  "backGroundBox": null,
                  "backGroundBoxData": {
                    "path": "Games/GLobby/res/club/clubSet/img2.png",
                    "plistFile": "",
                    "resourceType": 0
                  },
                  "backGroundBoxDisabled": null,
                  "backGroundBoxDisabledData": {
                    "path": null,
                    "plistFile": null,
                    "resourceType": 0
                  },
                  "backGroundBoxSelected": null,
                  "backGroundBoxSelectedData": {
                    "path": null,
                    "plistFile": null,
                    "resourceType": 0
                  },
                  "frontCross": null,
                  "frontCrossData": {
                    "path": "Games/GLobby/res/club/clubSet/img1.png",
                    "plistFile": "",
                    "resourceType": 0
                  },
                  "frontCrossDisabled": null,
                  "frontCrossDisabledData": {
                    "path": null,
                    "plistFile": null,
                    "resourceType": 0
                  },
                  "selectedState": true
                }
              },
              {
                "classname": "ImageView",
                "name": null,
                "children": [
                  {
                    "classname": "TextField",
                    "name": null,
                    "children": [],
                    "options": {
                      "__type": "TextFieldSurrogate:#EditorCommon.JsonModel.Component.GUI",
                      "classname": "TextField",
                      "name": "TextField_num",
                      "ZOrder": 0,
                      "actiontag": 48602582,
                      "anchorPointX": 1.49011612E-08,
                      "anchorPointY": 1.49011612E-08,
                      "classType": "CocoStudio.EngineAdapterWrap.CSTextField",
                      "colorB": 213,
                      "colorG": 228,
                      "colorR": 236,
                      "customProperty": "",
                      "flipX": false,
                      "flipY": false,
                      "height": 36,
                      "ignoreSize": false,
                      "layoutParameter": null,
                      "opacity": 255,
                      "positionPercentX": -0.466666669,
                      "positionPercentY": -0.28,
                      "positionType": 0,
                      "rotation": 0,
                      "scaleX": 1,
                      "scaleY": 1,
                      "sizePercentX": 0.9166667,
                      "sizePercentY": 0.72,
                      "sizeType": 0,
                      "tag": 11816,
                      "touchAble": true,
                      "useMergedTexture": false,
                      "visible": true,
                      "width": 110,
                      "x": -56,
                      "y": -14,
                      "areaHeight": 36,
                      "areaWidth": 110,
                      "fontFile": null,
                      "fontName": "微软雅黑",
                      "fontSize": 28,
                      "maxLength": 7,
                      "maxLengthEnable": true,
                      "passwordEnable": false,
                      "passwordStyleText": "*",
                      "placeHolder": "0",
                      "text": ""
                    }
                  }
                ],
                "options": {
                  "__type": "ImageViewSurrogate:#EditorCommon.JsonModel.Component.GUI",
                  "classname": "ImageView",
                  "name": "Image_tfbg_num",
                  "ZOrder": 1,
                  "actiontag": 61214084,
                  "anchorPointX": 0.5,
                  "anchorPointY": 0.5,
                  "classType": "CocoStudio.EngineAdapterWrap.CSImageView",
                  "colorB": 255,
                  "colorG": 255,
                  "colorR": 255,
                  "customProperty": "",
                  "flipX": false,
                  "flipY": false,
                  "height": 50,
                  "ignoreSize": false,
                  "layoutParameter": null,
                  "opacity": 255,
                  "positionPercentX": -0.152567908,
                  "positionPercentY": 0.222857177,
                  "positionType": 0,
                  "rotation": 0,
                  "scaleX": 1,
                  "scaleY": 1,
                  "sizePercentX": 0.181268886,
                  "sizePercentY": 0.111111112,
                  "sizeType": 0,
                  "tag": 11815,
                  "touchAble": false,
                  "useMergedTexture": false,
                  "visible": true,
                  "width": 120,
                  "x": -100,
                  "y": 100,
                  "capInsetsHeight": 2,
                  "capInsetsWidth": 2,
                  "capInsetsX": 10,
                  "capInsetsY": 10,
                  "fileName": null,
                  "fileNameData": {
                    "path": "Games/GLobby/res/club/clubSet/shurukuang1.png",
                    "plistFile": "",
                    "resourceType": 0
                  },
                  "scale9Enable": true,
                  "scale9Height": 50,
                  "scale9Width": 120
                }
              },
              {
                "classname": "ImageView",
                "name": null,
                "children": [
                  {
                    "classname": "TextField",
                    "name": null,
                    "children": [],
                    "options": {
                      "__type": "TextFieldSurrogate:#EditorCommon.JsonModel.Component.GUI",
                      "classname": "TextField",
                      "name": "TextField_space",
                      "ZOrder": 0,
                      "actiontag": 46645784,
                      "anchorPointX": 1.49011612E-08,
                      "anchorPointY": 1.49011612E-08,
                      "classType": "CocoStudio.EngineAdapterWrap.CSTextField",
                      "colorB": 213,
                      "colorG": 228,
                      "colorR": 236,
                      "customProperty": "",
                      "flipX": false,
                      "flipY": false,
                      "height": 36,
                      "ignoreSize": false,
                      "layoutParameter": null,
                      "opacity": 255,
                      "positionPercentX": -0.477777779,
                      "positionPercentY": -0.28,
                      "positionType": 0,
                      "rotation": 0,
                      "scaleX": 1,
                      "scaleY": 1,
                      "sizePercentX": 0.955555558,
                      "sizePercentY": 0.72,
                      "sizeType": 0,
                      "tag": 11822,
                      "touchAble": true,
                      "useMergedTexture": false,
                      "visible": true,
                      "width": 172,
                      "x": -86,
                      "y": -14,
                      "areaHeight": 36,
                      "areaWidth": 172,
                      "fontFile": null,
                      "fontName": "微软雅黑",
                      "fontSize": 28,
                      "maxLength": 10,
                      "maxLengthEnable": true,
                      "passwordEnable": false,
                      "passwordStyleText": "*",
                      "placeHolder": "最低60（秒）",
                      "text": ""
                    }
                  }
                ],
                "options": {
                  "__type": "ImageViewSurrogate:#EditorCommon.JsonModel.Component.GUI",
                  "classname": "ImageView",
                  "name": "Image_tfbg_space",
                  "ZOrder": 1,
                  "actiontag": 64835188,
                  "anchorPointX": 0.5,
                  "anchorPointY": 0.5,
                  "classType": "CocoStudio.EngineAdapterWrap.CSImageView",
                  "colorB": 255,
                  "colorG": 255,
                  "colorR": 255,
                  "customProperty": "",
                  "flipX": false,
                  "flipY": false,
                  "height": 50,
                  "ignoreSize": false,
                  "layoutParameter": null,
                  "opacity": 255,
                  "positionPercentX": 0.318515331,
                  "positionPercentY": 0.222857147,
                  "positionType": 0,
                  "rotation": 0,
                  "scaleX": 1,
                  "scaleY": 1,
                  "sizePercentX": 0.271903336,
                  "sizePercentY": 0.111111112,
                  "sizeType": 0,
                  "tag": 11821,
                  "touchAble": false,
                  "useMergedTexture": false,
                  "visible": true,
                  "width": 180,
                  "x": 210,
                  "y": 100,
                  "capInsetsHeight": 2,
                  "capInsetsWidth": 2,
                  "capInsetsX": 10,
                  "capInsetsY": 10,
                  "fileName": null,
                  "fileNameData": {
                    "path": "Games/GLobby/res/club/clubSet/shurukuang1.png",
                    "plistFile": "",
                    "resourceType": 0
                  },
                  "scale9Enable": true,
                  "scale9Height": 50,
                  "scale9Width": 180
                }
              },
              {
                "classname": "ImageView",
                "name": null,
                "children": [
                  {
                    "classname": "TextField",
                    "name": null,
                    "children": [],
                    "options": {
                      "__type": "TextFieldSurrogate:#EditorCommon.JsonModel.Component.GUI",
                      "classname": "TextField",
                      "name": "TextField_content",
                      "ZOrder": 0,
                      "actiontag": 28004310,
                      "anchorPointX": 1.49011612E-08,
                      "anchorPointY": 1,
                      "classType": "CocoStudio.EngineAdapterWrap.CSTextField",
                      "colorB": 213,
                      "colorG": 228,
                      "colorR": 236,
                      "customProperty": "",
                      "flipX": false,
                      "flipY": false,
                      "height": 220,
                      "ignoreSize": false,
                      "layoutParameter": null,
                      "opacity": 255,
                      "positionPercentX": -0.4829932,
                      "positionPercentY": 0.472103,
                      "positionType": 0,
                      "rotation": 0,
                      "scaleX": 1,
                      "scaleY": 1,
                      "sizePercentX": 0.96938777,
                      "sizePercentY": 0.944206,
                      "sizeType": 0,
                      "tag": 11828,
                      "touchAble": true,
                      "useMergedTexture": false,
                      "visible": true,
                      "width": 570,
                      "x": -284,
                      "y": 110,
                      "areaHeight": 220,
                      "areaWidth": 570,
                      "fontFile": null,
                      "fontName": "微软雅黑",
                      "fontSize": 30,
                      "maxLength": 60,
                      "maxLengthEnable": true,
                      "passwordEnable": false,
                      "passwordStyleText": "*",
                      "placeHolder": "发送内容（最多60个字）",
                      "text": ""
                    }
                  }
                ],
                "options": {
                  "__type": "ImageViewSurrogate:#EditorCommon.JsonModel.Component.GUI",
                  "classname": "ImageView",
                  "name": "Image_tfbg_content",
                  "ZOrder": 1,
                  "actiontag": 47850832,
                  "anchorPointX": 0.5,
                  "anchorPointY": 0.5,
                  "classType": "CocoStudio.EngineAdapterWrap.CSImageView",
                  "colorB": 255,
                  "colorG": 255,
                  "colorR": 255,
                  "customProperty": "",
                  "flipX": false,
                  "flipY": false,
                  "height": 233,
                  "ignoreSize": true,
                  "layoutParameter": null,
                  "opacity": 255,
                  "positionPercentX": 0,
                  "positionPercentY": -0.177777782,
                  "positionType": 0,
                  "rotation": 0,
                  "scaleX": 1,
                  "scaleY": 1,
                  "sizePercentX": 0.9063444,
                  "sizePercentY": 0.5555556,
                  "sizeType": 0,
                  "tag": 11827,
                  "touchAble": false,
                  "useMergedTexture": false,
                  "visible": false,
                  "width": 588,
                  "x": 0,
                  "y": -80,
                  "capInsetsHeight": 1,
                  "capInsetsWidth": 1,
                  "capInsetsX": 4,
                  "capInsetsY": 4,
                  "fileName": null,
                  "fileNameData": {
                    "path": "Games/GLobby/res/club/clubSet/kuang.png",
                    "plistFile": "",
                    "resourceType": 0
                  },
                  "scale9Enable": false,
                  "scale9Height": 233,
                  "scale9Width": 588
                }
              },
              {
                "classname": "Label",
                "name": null,
                "children": [],
                "options": {
                  "__type": "LabelSurrogate:#EditorCommon.JsonModel.Component.GUI",
                  "classname": "Label",
                  "name": "Label_zdlb",
                  "ZOrder": 0,
                  "actiontag": 45070081,
                  "anchorPointX": 1.49011612E-08,
                  "anchorPointY": 0.5,
                  "classType": "CocoStudio.EngineAdapterWrap.CSLabel",
                  "colorB": 144,
                  "colorG": 198,
                  "colorR": 222,
                  "customProperty": "",
                  "flipX": false,
                  "flipY": false,
                  "height": 41,
                  "ignoreSize": true,
                  "layoutParameter": null,
                  "opacity": 255,
                  "positionPercentX": -0.182563648,
                  "positionPercentY": 0.4002539,
                  "positionType": 0,
                  "rotation": 0,
                  "scaleX": 1,
                  "scaleY": 1,
                  "sizePercentX": 0.14350453,
                  "sizePercentY": 0.06,
                  "sizeType": 0,
                  "tag": 12790,
                  "touchAble": false,
                  "useMergedTexture": false,
                  "visible": true,
                  "width": 353,
                  "x": -120,
                  "y": 180,
                  "areaHeight": 0,
                  "areaWidth": 0,
                  "fontFile": null,
                  "fontName": "微软雅黑",
                  "fontSize": 32,
                  "hAlignment": 0,
                  "text": "自动喇叭（1万炮弹/次）",
                  "touchScaleEnable": false,
                  "vAlignment": 0
                }
              },
              {
                "classname": "Label",
                "name": null,
                "children": [],
                "options": {
                  "__type": "LabelSurrogate:#EditorCommon.JsonModel.Component.GUI",
                  "classname": "Label",
                  "name": "Label_sycs",
                  "ZOrder": 0,
                  "actiontag": 52351104,
                  "anchorPointX": 1.49011612E-08,
                  "anchorPointY": 0.5,
                  "classType": "CocoStudio.EngineAdapterWrap.CSLabel",
                  "colorB": 144,
                  "colorG": 198,
                  "colorR": 222,
                  "customProperty": "",
                  "flipX": false,
                  "flipY": false,
                  "height": 36,
                  "ignoreSize": true,
                  "layoutParameter": null,
                  "opacity": 255,
                  "positionPercentX": -0.4382823,
                  "positionPercentY": 0.224380791,
                  "positionType": 0,
                  "rotation": 0,
                  "scaleX": 1,
                  "scaleY": 1,
                  "sizePercentX": 0.14350453,
                  "sizePercentY": 0.06,
                  "sizeType": 0,
                  "tag": 12793,
                  "touchAble": false,
                  "useMergedTexture": false,
                  "visible": true,
                  "width": 140,
                  "x": -290,
                  "y": 100,
                  "areaHeight": 0,
                  "areaWidth": 0,
                  "fontFile": null,
                  "fontName": "微软雅黑",
                  "fontSize": 28,
                  "hAlignment": 0,
                  "text": "剩余次数：",
                  "touchScaleEnable": false,
                  "vAlignment": 0
                }
              },
              {
                "classname": "Label",
                "name": null,
                "children": [],
                "options": {
                  "__type": "LabelSurrogate:#EditorCommon.JsonModel.Component.GUI",
                  "classname": "Label",
                  "name": "Label_fsjg",
                  "ZOrder": 0,
                  "actiontag": 64244373,
                  "anchorPointX": 1.49011612E-08,
                  "anchorPointY": 0.5,
                  "classType": "CocoStudio.EngineAdapterWrap.CSLabel",
                  "colorB": 144,
                  "colorG": 198,
                  "colorR": 222,
                  "customProperty": "",
                  "flipX": false,
                  "flipY": false,
                  "height": 36,
                  "ignoreSize": true,
                  "layoutParameter": null,
                  "opacity": 255,
                  "positionPercentX": -0.0153214727,
                  "positionPercentY": 0.222222224,
                  "positionType": 0,
                  "rotation": 0,
                  "scaleX": 1,
                  "scaleY": 1,
                  "sizePercentX": 0.14350453,
                  "sizePercentY": 0.06,
                  "sizeType": 0,
                  "tag": 12796,
                  "touchAble": false,
                  "useMergedTexture": false,
                  "visible": true,
                  "width": 140,
                  "x": -10,
                  "y": 100,
                  "areaHeight": 0,
                  "areaWidth": 0,
                  "fontFile": null,
                  "fontName": "微软雅黑",
                  "fontSize": 28,
                  "hAlignment": 0,
                  "text": "发送间隔：",
                  "touchScaleEnable": false,
                  "vAlignment": 0
                }
              },
              {
                "classname": "Label",
                "name": null,
                "children": [],
                "options": {
                  "__type": "LabelSurrogate:#EditorCommon.JsonModel.Component.GUI",
                  "classname": "Label",
                  "name": "Label_content",
                  "ZOrder": 1,
                  "actiontag": 26438588,
                  "anchorPointX": 0.5,
                  "anchorPointY": 0.5,
                  "classType": "CocoStudio.EngineAdapterWrap.CSLabel",
                  "colorB": 255,
                  "colorG": 255,
                  "colorR": 255,
                  "customProperty": "",
                  "flipX": false,
                  "flipY": false,
                  "height": 220,
                  "ignoreSize": false,
                  "layoutParameter": null,
                  "opacity": 255,
                  "positionPercentX": 0,
                  "positionPercentY": -0.177777782,
                  "positionType": 0,
                  "rotation": 0,
                  "scaleX": 1,
                  "scaleY": 1,
                  "sizePercentX": 0.8610272,
                  "sizePercentY": 0.4888889,
                  "sizeType": 0,
                  "tag": 12881,
                  "touchAble": false,
                  "useMergedTexture": false,
                  "visible": true,
                  "width": 570,
                  "x": 0,
                  "y": -80,
                  "areaHeight": 220,
                  "areaWidth": 570,
                  "fontFile": null,
                  "fontName": "微软雅黑",
                  "fontSize": 30,
                  "hAlignment": 1,
                  "text": "发送内容（最多60个字）",
                  "touchScaleEnable": false,
                  "vAlignment": 1
                }
              }
            ],
            "options": {
              "__type": "PanelSurrogate:#EditorCommon.JsonModel.Component.GUI",
              "classname": "Panel",
              "name": "Panel_set_trumpet",
              "ZOrder": 1,
              "actiontag": 14014710,
              "anchorPointX": 0.5,
              "anchorPointY": 0.5,
              "classType": "CocoStudio.EngineAdapterWrap.CSPanel",
              "colorB": 255,
              "colorG": 255,
              "colorR": 255,
              "customProperty": "",
              "flipX": false,
              "flipY": false,
              "height": 450,
              "ignoreSize": false,
              "layoutParameter": null,
              "opacity": 255,
              "positionPercentX": 0.0006473864,
              "positionPercentY": 0.144284129,
              "positionType": 0,
              "rotation": 0,
              "scaleX": 1,
              "scaleY": 1,
              "sizePercentX": 1,
              "sizePercentY": 0.499445051,
              "sizeType": 0,
              "tag": 11852,
              "touchAble": true,
              "useMergedTexture": false,
              "visible": true,
              "width": 662,
              "x": 0,
              "y": 130,
              "adaptScreen": false,
              "backGroundImage": null,
              "backGroundImageData": null,
              "backGroundScale9Enable": false,
              "bgColorB": 255,
              "bgColorG": 200,
              "bgColorOpacity": 100,
              "bgColorR": 150,
              "bgEndColorB": 255,
              "bgEndColorG": 200,
              "bgEndColorR": 150,
              "bgStartColorB": 255,
              "bgStartColorG": 255,
              "bgStartColorR": 255,
              "capInsetsHeight": 1,
              "capInsetsWidth": 1,
              "capInsetsX": 0,
              "capInsetsY": 0,
              "clipAble": false,
              "colorType": 0,
              "layoutType": 0,
              "vectorX": 0,
              "vectorY": -0.5
            }
          },
          {
            "classname": "Panel",
            "name": null,
            "children": [
              {
                "classname": "CheckBox",
                "name": null,
                "children": [],
                "options": {
                  "__type": "CheckBoxSurrogate:#EditorCommon.JsonModel.Component.GUI",
                  "classname": "CheckBox",
                  "name": "CheckBox_need",
                  "ZOrder": 1,
                  "actiontag": 55666733,
                  "anchorPointX": 0.5,
                  "anchorPointY": 0.5,
                  "classType": "CocoStudio.EngineAdapterWrap.CSCheckBox",
                  "colorB": 255,
                  "colorG": 255,
                  "colorR": 255,
                  "customProperty": "",
                  "flipX": false,
                  "flipY": false,
                  "height": 41,
                  "ignoreSize": true,
                  "layoutParameter": null,
                  "opacity": 255,
                  "positionPercentX": -0.372727275,
                  "positionPercentY": 0,
                  "positionType": 0,
                  "rotation": 0,
                  "scaleX": 1,
                  "scaleY": 1,
                  "sizePercentX": 0.4227273,
                  "sizePercentY": 0.192857146,
                  "sizeType": 0,
                  "tag": 11833,
                  "touchAble": true,
                  "useMergedTexture": false,
                  "visible": true,
                  "width": 40,
                  "x": -246,
                  "y": 0,
                  "backGroundBox": null,
                  "backGroundBoxData": {
                    "path": "Games/GLobby/res/club/clubSet/img2.png",
                    "plistFile": "",
                    "resourceType": 0
                  },
                  "backGroundBoxDisabled": null,
                  "backGroundBoxDisabledData": {
                    "path": null,
                    "plistFile": null,
                    "resourceType": 0
                  },
                  "backGroundBoxSelected": null,
                  "backGroundBoxSelectedData": {
                    "path": null,
                    "plistFile": null,
                    "resourceType": 0
                  },
                  "frontCross": null,
                  "frontCrossData": {
                    "path": "Games/GLobby/res/club/clubSet/img1.png",
                    "plistFile": "",
                    "resourceType": 0
                  },
                  "frontCrossDisabled": null,
                  "frontCrossDisabledData": {
                    "path": null,
                    "plistFile": null,
                    "resourceType": 0
                  },
                  "selectedState": true
                }
              },
              {
                "classname": "CheckBox",
                "name": null,
                "children": [],
                "options": {
                  "__type": "CheckBoxSurrogate:#EditorCommon.JsonModel.Component.GUI",
                  "classname": "CheckBox",
                  "name": "CheckBox_not_need",
                  "ZOrder": 1,
                  "actiontag": 54471767,
                  "anchorPointX": 0.5,
                  "anchorPointY": 0.5,
                  "classType": "CocoStudio.EngineAdapterWrap.CSCheckBox",
                  "colorB": 255,
                  "colorG": 255,
                  "colorR": 255,
                  "customProperty": "",
                  "flipX": false,
                  "flipY": false,
                  "height": 41,
                  "ignoreSize": true,
                  "layoutParameter": null,
                  "opacity": 255,
                  "positionPercentX": 0.130303025,
                  "positionPercentY": 0,
                  "positionType": 0,
                  "rotation": 0,
                  "scaleX": 1,
                  "scaleY": 1,
                  "sizePercentX": 0.4227273,
                  "sizePercentY": 0.192857146,
                  "sizeType": 0,
                  "tag": 11835,
                  "touchAble": true,
                  "useMergedTexture": false,
                  "visible": true,
                  "width": 40,
                  "x": 86,
                  "y": 0,
                  "backGroundBox": null,
                  "backGroundBoxData": {
                    "path": "Games/GLobby/res/club/clubSet/img2.png",
                    "plistFile": "",
                    "resourceType": 0
                  },
                  "backGroundBoxDisabled": null,
                  "backGroundBoxDisabledData": {
                    "path": null,
                    "plistFile": null,
                    "resourceType": 0
                  },
                  "backGroundBoxSelected": null,
                  "backGroundBoxSelectedData": {
                    "path": null,
                    "plistFile": null,
                    "resourceType": 0
                  },
                  "frontCross": null,
                  "frontCrossData": {
                    "path": "Games/GLobby/res/club/clubSet/img1.png",
                    "plistFile": "",
                    "resourceType": 0
                  },
                  "frontCrossDisabled": null,
                  "frontCrossDisabledData": {
                    "path": null,
                    "plistFile": null,
                    "resourceType": 0
                  },
                  "selectedState": true
                }
              },
              {
                "classname": "Label",
                "name": null,
                "children": [],
                "options": {
                  "__type": "LabelSurrogate:#EditorCommon.JsonModel.Component.GUI",
                  "classname": "Label",
                  "name": "Label_xy",
                  "ZOrder": 0,
                  "actiontag": 30700893,
                  "anchorPointX": 1.49011612E-08,
                  "anchorPointY": 0.5,
                  "classType": "CocoStudio.EngineAdapterWrap.CSLabel",
                  "colorB": 144,
                  "colorG": 198,
                  "colorR": 222,
                  "customProperty": "",
                  "flipX": false,
                  "flipY": false,
                  "height": 41,
                  "ignoreSize": true,
                  "layoutParameter": null,
                  "opacity": 255,
                  "positionPercentX": -0.321266174,
                  "positionPercentY": 0.00158112519,
                  "positionType": 0,
                  "rotation": 0,
                  "scaleX": 1,
                  "scaleY": 1,
                  "sizePercentX": 0.143939391,
                  "sizePercentY": 0.192857146,
                  "sizeType": 0,
                  "tag": 12799,
                  "touchAble": false,
                  "useMergedTexture": false,
                  "visible": true,
                  "width": 128,
                  "x": -212,
                  "y": 0,
                  "areaHeight": 0,
                  "areaWidth": 0,
                  "fontFile": null,
                  "fontName": "微软雅黑",
                  "fontSize": 32,
                  "hAlignment": 0,
                  "text": "需要批准",
                  "touchScaleEnable": false,
                  "vAlignment": 0
                }
              },
              {
                "classname": "Label",
                "name": null,
                "children": [],
                "options": {
                  "__type": "LabelSurrogate:#EditorCommon.JsonModel.Component.GUI",
                  "classname": "Label",
                  "name": "Label_bxy",
                  "ZOrder": 0,
                  "actiontag": 55135587,
                  "anchorPointX": 1.49011612E-08,
                  "anchorPointY": 0.5,
                  "classType": "CocoStudio.EngineAdapterWrap.CSLabel",
                  "colorB": 144,
                  "colorG": 198,
                  "colorR": 222,
                  "customProperty": "",
                  "flipX": false,
                  "flipY": false,
                  "height": 41,
                  "ignoreSize": true,
                  "layoutParameter": null,
                  "opacity": 255,
                  "positionPercentX": 0.18555215,
                  "positionPercentY": 0.006428065,
                  "positionType": 0,
                  "rotation": 0,
                  "scaleX": 1,
                  "scaleY": 1,
                  "sizePercentX": 0.143939391,
                  "sizePercentY": 0.192857146,
                  "sizeType": 0,
                  "tag": 12801,
                  "touchAble": false,
                  "useMergedTexture": false,
                  "visible": true,
                  "width": 160,
                  "x": 122,
                  "y": 0,
                  "areaHeight": 0,
                  "areaWidth": 0,
                  "fontFile": null,
                  "fontName": "微软雅黑",
                  "fontSize": 32,
                  "hAlignment": 0,
                  "text": "不需要批准",
                  "touchScaleEnable": false,
                  "vAlignment": 0
                }
              }
            ],
            "options": {
              "__type": "PanelSurrogate:#EditorCommon.JsonModel.Component.GUI",
              "classname": "Panel",
              "name": "Panel_set_club",
              "ZOrder": 1,
              "actiontag": 46257848,
              "anchorPointX": 0.5,
              "anchorPointY": 0.5,
              "classType": "CocoStudio.EngineAdapterWrap.CSPanel",
              "colorB": 255,
              "colorG": 255,
              "colorR": 255,
              "customProperty": "",
              "flipX": false,
              "flipY": false,
              "height": 140,
              "ignoreSize": false,
              "layoutParameter": null,
              "opacity": 255,
              "positionPercentX": -0.0006473922,
              "positionPercentY": -0.27524972,
              "positionType": 0,
              "rotation": 0,
              "scaleX": 1,
              "scaleY": 1,
              "sizePercentX": 0.9969789,
              "sizePercentY": 0.1553829,
              "sizeType": 0,
              "tag": 11870,
              "touchAble": true,
              "useMergedTexture": false,
              "visible": true,
              "width": 660,
              "x": 0,
              "y": -248,
              "adaptScreen": false,
              "backGroundImage": null,
              "backGroundImageData": null,
              "backGroundScale9Enable": false,
              "bgColorB": 255,
              "bgColorG": 200,
              "bgColorOpacity": 100,
              "bgColorR": 150,
              "bgEndColorB": 255,
              "bgEndColorG": 200,
              "bgEndColorR": 150,
              "bgStartColorB": 255,
              "bgStartColorG": 255,
              "bgStartColorR": 255,
              "capInsetsHeight": 1,
              "capInsetsWidth": 1,
              "capInsetsX": 0,
              "capInsetsY": 0,
              "clipAble": false,
              "colorType": 0,
              "layoutType": 0,
              "vectorX": 0,
              "vectorY": -0.5
            }
          },
          {
            "classname": "ImageView",
            "name": null,
            "children": [],
            "options": {
              "__type": "ImageViewSurrogate:#EditorCommon.JsonModel.Component.GUI",
              "classname": "ImageView",
              "name": "Image_confirm",
              "ZOrder": 0,
              "actiontag": 52532851,
              "anchorPointX": 0.5,
              "anchorPointY": 0.5,
              "classType": "CocoStudio.EngineAdapterWrap.CSImageView",
              "colorB": 255,
              "colorG": 255,
              "colorR": 255,
              "customProperty": "",
              "flipX": false,
              "flipY": false,
              "height": 71,
              "ignoreSize": true,
              "layoutParameter": null,
              "opacity": 255,
              "positionPercentX": 0.2309021,
              "positionPercentY": -0.428412884,
              "positionType": 0,
              "rotation": 0,
              "scaleX": 1,
              "scaleY": 1,
              "sizePercentX": 0.09063444,
              "sizePercentY": 0.06659268,
              "sizeType": 0,
              "tag": 11877,
              "touchAble": false,
              "useMergedTexture": false,
              "visible": true,
              "width": 189,
              "x": 152,
              "y": -386,
              "capInsetsHeight": 1,
              "capInsetsWidth": 1,
              "capInsetsX": 0,
              "capInsetsY": 0,
              "fileName": null,
              "fileNameData": {
                "path": "Games/GLobby/res/club/clubSet/btn_queding.png",
                "plistFile": "",
                "resourceType": 0
              },
              "scale9Enable": false,
              "scale9Height": 71,
              "scale9Width": 189
            }
          },
          {
            "classname": "ImageView",
            "name": null,
            "children": [],
            "options": {
              "__type": "ImageViewSurrogate:#EditorCommon.JsonModel.Component.GUI",
              "classname": "ImageView",
              "name": "Image_cancel",
              "ZOrder": 0,
              "actiontag": 18864917,
              "anchorPointX": 0.5,
              "anchorPointY": 0.5,
              "classType": "CocoStudio.EngineAdapterWrap.CSImageView",
              "colorB": 255,
              "colorG": 255,
              "colorR": 255,
              "customProperty": "",
              "flipX": false,
              "flipY": false,
              "height": 71,
              "ignoreSize": true,
              "layoutParameter": null,
              "opacity": 255,
              "positionPercentX": -0.229823038,
              "positionPercentY": -0.428729951,
              "positionType": 0,
              "rotation": 0,
              "scaleX": 1,
              "scaleY": 1,
              "sizePercentX": 0.09063444,
              "sizePercentY": 0.06659268,
              "sizeType": 0,
              "tag": 11878,
              "touchAble": false,
              "useMergedTexture": false,
              "visible": true,
              "width": 189,
              "x": -152,
              "y": -386,
              "capInsetsHeight": 1,
              "capInsetsWidth": 1,
              "capInsetsX": 0,
              "capInsetsY": 0,
              "fileName": null,
              "fileNameData": {
                "path": "Games/GLobby/res/club/clubSet/btn_quxiao.png",
                "plistFile": "",
                "resourceType": 0
              },
              "scale9Enable": false,
              "scale9Height": 71,
              "scale9Width": 189
            }
          },
          {
            "classname": "ImageView",
            "name": null,
            "children": [],
            "options": {
              "__type": "ImageViewSurrogate:#EditorCommon.JsonModel.Component.GUI",
              "classname": "ImageView",
              "name": "Image_close",
              "ZOrder": 0,
              "actiontag": 62910778,
              "anchorPointX": 0.5,
              "anchorPointY": 0.5,
              "classType": "CocoStudio.EngineAdapterWrap.CSImageView",
              "colorB": 255,
              "colorG": 255,
              "colorR": 255,
              "customProperty": "",
              "flipX": false,
              "flipY": false,
              "height": 60,
              "ignoreSize": true,
              "layoutParameter": null,
              "opacity": 255,
              "positionPercentX": 0,
              "positionPercentY": -0.609322965,
              "positionType": 0,
              "rotation": 0,
              "scaleX": 1,
              "scaleY": 1,
              "sizePercentX": 0.09063444,
              "sizePercentY": 0.06659268,
              "sizeType": 0,
              "tag": 582,
              "touchAble": false,
              "useMergedTexture": false,
              "visible": true,
              "width": 60,
              "x": 0,
              "y": -549,
              "capInsetsHeight": 1,
              "capInsetsWidth": 1,
              "capInsetsX": 0,
              "capInsetsY": 0,
              "fileName": null,
              "fileNameData": {
                "path": "Games/GLobby/res/club/memberManage/img_close.png",
                "plistFile": "",
                "resourceType": 0
              },
              "scale9Enable": false,
              "scale9Height": 60,
              "scale9Width": 60
            }
          }
        ],
        "options": {
          "__type": "PanelSurrogate:#EditorCommon.JsonModel.Component.GUI",
          "classname": "Panel",
          "name": "Panel_set",
          "ZOrder": 1,
          "actiontag": 14100525,
          "anchorPointX": 0.5,
          "anchorPointY": 0.5,
          "classType": "CocoStudio.EngineAdapterWrap.CSPanel",
          "colorB": 255,
          "colorG": 255,
          "colorR": 255,
          "customProperty": "",
          "flipX": false,
          "flipY": false,
          "height": 901,
          "ignoreSize": false,
          "layoutParameter": null,
          "opacity": 255,
          "positionPercentX": 0.5,
          "positionPercentY": 0.578125,
          "positionType": 0,
          "rotation": 0,
          "scaleX": 1,
          "scaleY": 1,
          "sizePercentX": 0.919444442,
          "sizePercentY": 0.703906238,
          "sizeType": 0,
          "tag": 558,
          "touchAble": true,
          "useMergedTexture": false,
          "visible": true,
          "width": 662,
          "x": 360,
          "y": 740,
          "adaptScreen": false,
          "backGroundImage": null,
          "backGroundImageData": null,
          "backGroundScale9Enable": false,
          "bgColorB": 255,
          "bgColorG": 200,
          "bgColorOpacity": 100,
          "bgColorR": 150,
          "bgEndColorB": 255,
          "bgEndColorG": 200,
          "bgEndColorR": 150,
          "bgStartColorB": 255,
          "bgStartColorG": 255,
          "bgStartColorR": 255,
          "capInsetsHeight": 1,
          "capInsetsWidth": 1,
          "capInsetsX": 0,
          "capInsetsY": 0,
          "clipAble": false,
          "colorType": 0,
          "layoutType": 0,
          "vectorX": 0,
          "vectorY": -0.5
        }
      }
    ],
    "options": {
      "__type": "PanelSurrogate:#EditorCommon.JsonModel.Component.GUI",
      "classname": "Panel",
      "name": "Panel_club_set",
      "ZOrder": 0,
      "actiontag": -1,
      "anchorPointX": 0,
      "anchorPointY": 0,
      "classType": "CocoStudio.EngineAdapterWrap.CSPanel",
      "colorB": 255,
      "colorG": 255,
      "colorR": 255,
      "customProperty": "",
      "flipX": false,
      "flipY": false,
      "height": 1280,
      "ignoreSize": false,
      "layoutParameter": null,
      "opacity": 255,
      "positionPercentX": 0,
      "positionPercentY": 0,
      "positionType": 0,
      "rotation": 0,
      "scaleX": 1,
      "scaleY": 1,
      "sizePercentX": 1,
      "sizePercentY": 1,
      "sizeType": 0,
      "tag": 536,
      "touchAble": true,
      "useMergedTexture": false,
      "visible": true,
      "width": 720,
      "x": 0,
      "y": 0,
      "adaptScreen": false,
      "backGroundImage": null,
      "backGroundImageData": null,
      "backGroundScale9Enable": false,
      "bgColorB": 255,
      "bgColorG": 200,
      "bgColorOpacity": 0,
      "bgColorR": 150,
      "bgEndColorB": 255,
      "bgEndColorG": 200,
      "bgEndColorR": 150,
      "bgStartColorB": 255,
      "bgStartColorG": 255,
      "bgStartColorR": 255,
      "capInsetsHeight": 1,
      "capInsetsWidth": 1,
      "capInsetsX": 0,
      "capInsetsY": 0,
      "clipAble": false,
      "colorType": 0,
      "layoutType": 0,
      "vectorX": 0,
      "vectorY": -0.5
    }
  }
}