{
  "classname": null,
  "name": null,
  "animation": {
    "classname": null,
    "name": "AnimationManager",
    "actionlist": []
  },
  "dataScale": 1,
  "designHeight": 1280,
  "designWidth": 720,
  "textures": [],
  "texturesPng": [
    "Games/GLobby/res/common/bg.png",
    "Games/GLobby/res/club/createCard/cjpjkuang.png",
    "Games/GLobby/res/common/dibanBg.png",
    "Games/GLobby/res/common/img_shurukuang.png",
    "Games/GLobby/res/club/createCard/img_default.png",
    "Games/GLobby/res/club/createCard/img_confirm.png",
    "Games/GLobby/res/club/createCard/shipao1.png",
    "Games/GLobby/res/club/createCard/shipao2.png",
    "Games/GLobby/res/club/createCard/baipao1.png",
    "Games/GLobby/res/club/createCard/baipao2.png",
    "Games/GLobby/res/club/createCard/qianpao1.png",
    "Games/GLobby/res/club/createCard/qianpao2.png",
    "Games/GLobby/res/club/createCard/button_cjpj.png"
  ],
  "version": "1.6.0.0",
  "widgetTree": {
    "classname": "Panel",
    "name": null,
    "children": [
      {
        "classname": "ImageView",
        "name": null,
        "children": [],
        "options": {
          "__type": "ImageViewSurrogate:#EditorCommon.JsonModel.Component.GUI",
          "classname": "ImageView",
          "name": "Image_bg",
          "ZOrder": 0,
          "actiontag": 38968871,
          "anchorPointX": 0.5,
          "anchorPointY": 0.5,
          "classType": "CocoStudio.EngineAdapterWrap.CSImageView",
          "colorB": 255,
          "colorG": 255,
          "colorR": 255,
          "customProperty": "",
          "flipX": false,
          "flipY": false,
          "height": 1280,
          "ignoreSize": false,
          "layoutParameter": null,
          "opacity": 255,
          "positionPercentX": 0.5,
          "positionPercentY": 0.5,
          "positionType": 0,
          "rotation": 0,
          "scaleX": 1,
          "scaleY": 1,
          "sizePercentX": 1,
          "sizePercentY": 1,
          "sizeType": 0,
          "tag": 498,
          "touchAble": false,
          "useMergedTexture": false,
          "visible": true,
          "width": 720,
          "x": 360,
          "y": 640,
          "capInsetsHeight": 2,
          "capInsetsWidth": 2,
          "capInsetsX": 10,
          "capInsetsY": 10,
          "fileName": null,
          "fileNameData": {
            "path": "Games/GLobby/res/common/bg.png",
            "plistFile": "",
            "resourceType": 0
          },
          "scale9Enable": true,
          "scale9Height": 1280,
          "scale9Width": 720
        }
      },
      {
        "classname": "ImageView",
        "name": null,
        "children": [
          {
            "classname": "TextField",
            "name": null,
            "children": [],
            "options": {
              "__type": "TextFieldSurrogate:#EditorCommon.JsonModel.Component.GUI",
              "classname": "TextField",
              "name": "TextField_card_name",
              "ZOrder": 1,
              "actiontag": 5820417,
              "anchorPointX": 1.49011612E-08,
              "anchorPointY": 1.49011612E-08,
              "classType": "CocoStudio.EngineAdapterWrap.CSTextField",
              "colorB": 146,
              "colorG": 188,
              "colorR": 204,
              "customProperty": "",
              "flipX": false,
              "flipY": false,
              "height": 36,
              "ignoreSize": false,
              "layoutParameter": null,
              "opacity": 255,
              "positionPercentX": -0.165829152,
              "positionPercentY": -0.271186441,
              "positionType": 0,
              "rotation": 0,
              "scaleX": 1,
              "scaleY": 1,
              "sizePercentX": 0.329983264,
              "sizePercentY": 0.6101695,
              "sizeType": 0,
              "tag": 342,
              "touchAble": true,
              "useMergedTexture": false,
              "visible": true,
              "width": 197,
              "x": -99,
              "y": -16,
              "areaHeight": 36,
              "areaWidth": 197,
              "fontFile": null,
              "fontName": "微软雅黑",
              "fontSize": 28,
              "maxLength": 7,
              "maxLengthEnable": true,
              "passwordEnable": false,
              "passwordStyleText": "*",
              "placeHolder": "",
              "text": ""
            }
          }
        ],
        "options": {
          "__type": "ImageViewSurrogate:#EditorCommon.JsonModel.Component.GUI",
          "classname": "ImageView",
          "name": "Image_tfbg",
          "ZOrder": 1,
          "actiontag": 58352157,
          "anchorPointX": 0.5,
          "anchorPointY": 0.5,
          "classType": "CocoStudio.EngineAdapterWrap.CSImageView",
          "colorB": 255,
          "colorG": 255,
          "colorR": 255,
          "customProperty": "",
          "flipX": false,
          "flipY": false,
          "height": 59,
          "ignoreSize": true,
          "layoutParameter": null,
          "opacity": 255,
          "positionPercentX": 0.5,
          "positionPercentY": 0.84375,
          "positionType": 0,
          "rotation": 0,
          "scaleX": 1,
          "scaleY": 1,
          "sizePercentX": 0.283333331,
          "sizePercentY": 0.04609375,
          "sizeType": 0,
          "tag": 344,
          "touchAble": false,
          "useMergedTexture": false,
          "visible": true,
          "width": 204,
          "x": 360,
          "y": 1080,
          "capInsetsHeight": 2,
          "capInsetsWidth": 2,
          "capInsetsX": 10,
          "capInsetsY": 10,
          "fileName": null,
          "fileNameData": {
            "path": "Games/GLobby/res/club/createCard/cjpjkuang.png",
            "plistFile": "",
            "resourceType": 0
          },
          "scale9Enable": false,
          "scale9Height": 59,
          "scale9Width": 204
        }
      },
      {
        "classname": "Panel",
        "name": null,
        "children": [
          {
            "classname": "ImageView",
            "name": null,
            "children": [],
            "options": {
              "__type": "ImageViewSurrogate:#EditorCommon.JsonModel.Component.GUI",
              "classname": "ImageView",
              "name": "Image_topBg",
              "ZOrder": 0,
              "actiontag": 52399959,
              "anchorPointX": 0.5,
              "anchorPointY": 0.5,
              "classType": "CocoStudio.EngineAdapterWrap.CSImageView",
              "colorB": 255,
              "colorG": 255,
              "colorR": 255,
              "customProperty": "",
              "flipX": false,
              "flipY": false,
              "height": 89,
              "ignoreSize": false,
              "layoutParameter": null,
              "opacity": 255,
              "positionPercentX": 0,
              "positionPercentY": 0,
              "positionType": 0,
              "rotation": 0,
              "scaleX": 1,
              "scaleY": 1,
              "sizePercentX": 1,
              "sizePercentY": 1,
              "sizeType": 0,
              "tag": 3034,
              "touchAble": false,
              "useMergedTexture": false,
              "visible": true,
              "width": 696,
              "x": 0,
              "y": 0,
              "capInsetsHeight": 2,
              "capInsetsWidth": 2,
              "capInsetsX": 10,
              "capInsetsY": 10,
              "fileName": null,
              "fileNameData": {
                "path": "Games/GLobby/res/common/dibanBg.png",
                "plistFile": "",
                "resourceType": 0
              },
              "scale9Enable": true,
              "scale9Height": 89,
              "scale9Width": 696
            }
          },
          {
            "classname": "Label",
            "name": null,
            "children": [],
            "options": {
              "__type": "LabelSurrogate:#EditorCommon.JsonModel.Component.GUI",
              "classname": "Label",
              "name": "Label_jbsz",
              "ZOrder": 0,
              "actiontag": 24428715,
              "anchorPointX": 0.5,
              "anchorPointY": 0.5,
              "classType": "CocoStudio.EngineAdapterWrap.CSLabel",
              "colorB": 138,
              "colorG": 190,
              "colorR": 218,
              "customProperty": "",
              "flipX": false,
              "flipY": false,
              "height": 41,
              "ignoreSize": true,
              "layoutParameter": null,
              "opacity": 255,
              "positionPercentX": 0,
              "positionPercentY": 0,
              "positionType": 0,
              "rotation": 0,
              "scaleX": 1,
              "scaleY": 1,
              "sizePercentX": 0.183908045,
              "sizePercentY": 0.460674167,
              "sizeType": 0,
              "tag": 3856,
              "touchAble": false,
              "useMergedTexture": false,
              "visible": true,
              "width": 128,
              "x": 0,
              "y": 0,
              "areaHeight": 0,
              "areaWidth": 0,
              "fontFile": null,
              "fontName": "微软雅黑",
              "fontSize": 32,
              "hAlignment": 0,
              "text": "基本设置",
              "touchScaleEnable": false,
              "vAlignment": 1
            }
          }
        ],
        "options": {
          "__type": "PanelSurrogate:#EditorCommon.JsonModel.Component.GUI",
          "classname": "Panel",
          "name": "Panel_top",
          "ZOrder": 0,
          "actiontag": 16865791,
          "anchorPointX": 0.5,
          "anchorPointY": 0.5,
          "classType": "CocoStudio.EngineAdapterWrap.CSPanel",
          "colorB": 255,
          "colorG": 255,
          "colorR": 255,
          "customProperty": "",
          "flipX": false,
          "flipY": false,
          "height": 89,
          "ignoreSize": false,
          "layoutParameter": null,
          "opacity": 255,
          "positionPercentX": 0.5,
          "positionPercentY": 0.765625,
          "positionType": 0,
          "rotation": 0,
          "scaleX": 1,
          "scaleY": 1,
          "sizePercentX": 0.966666639,
          "sizePercentY": 0.06953125,
          "sizeType": 0,
          "tag": 1515,
          "touchAble": true,
          "useMergedTexture": false,
          "visible": true,
          "width": 696,
          "x": 360,
          "y": 980,
          "adaptScreen": false,
          "backGroundImage": null,
          "backGroundImageData": null,
          "backGroundScale9Enable": true,
          "bgColorB": 255,
          "bgColorG": 200,
          "bgColorOpacity": 100,
          "bgColorR": 150,
          "bgEndColorB": 255,
          "bgEndColorG": 200,
          "bgEndColorR": 150,
          "bgStartColorB": 255,
          "bgStartColorG": 255,
          "bgStartColorR": 255,
          "capInsetsHeight": 2,
          "capInsetsWidth": 2,
          "capInsetsX": 10,
          "capInsetsY": 10,
          "clipAble": false,
          "colorType": 0,
          "layoutType": 0,
          "vectorX": 0,
          "vectorY": -0.5
        }
      },
      {
        "classname": "ImageView",
        "name": null,
        "children": [
          {
            "classname": "Label",
            "name": null,
            "children": [],
            "options": {
              "__type": "LabelSurrogate:#EditorCommon.JsonModel.Component.GUI",
              "classname": "Label",
              "name": "Label_pd",
              "ZOrder": 0,
              "actiontag": 61962483,
              "anchorPointX": 1.49011612E-08,
              "anchorPointY": 0.5,
              "classType": "CocoStudio.EngineAdapterWrap.CSLabel",
              "colorB": 138,
              "colorG": 190,
              "colorR": 218,
              "customProperty": "",
              "flipX": false,
              "flipY": false,
              "height": 35,
              "ignoreSize": true,
              "layoutParameter": null,
              "opacity": 255,
              "positionPercentX": -0.4454023,
              "positionPercentY": 0.0513698645,
              "positionType": 0,
              "rotation": 0,
              "scaleX": 1,
              "scaleY": 1,
              "sizePercentX": 0.112068966,
              "sizePercentY": 0.0599315055,
              "sizeType": 0,
              "tag": 3046,
              "touchAble": false,
              "useMergedTexture": false,
              "visible": true,
              "width": 78,
              "x": -310,
              "y": 30,
              "areaHeight": 0,
              "areaWidth": 0,
              "fontFile": null,
              "fontName": "微软雅黑",
              "fontSize": 26,
              "hAlignment": 0,
              "text": "炮弹：",
              "touchScaleEnable": false,
              "vAlignment": 1
            }
          },
          {
            "classname": "ImageView",
            "name": null,
            "children": [],
            "options": {
              "__type": "ImageViewSurrogate:#EditorCommon.JsonModel.Component.GUI",
              "classname": "ImageView",
              "name": "Image_bg_pd",
              "ZOrder": 0,
              "actiontag": 3436396,
              "anchorPointX": 0.5,
              "anchorPointY": 0.5,
              "classType": "CocoStudio.EngineAdapterWrap.CSImageView",
              "colorB": 255,
              "colorG": 255,
              "colorR": 255,
              "customProperty": "",
              "flipX": false,
              "flipY": false,
              "height": 40,
              "ignoreSize": false,
              "layoutParameter": null,
              "opacity": 255,
              "positionPercentX": -0.1795977,
              "positionPercentY": 0.0513698645,
              "positionType": 0,
              "rotation": 0,
              "scaleX": 1,
              "scaleY": 1,
              "sizePercentX": 0.307471275,
              "sizePercentY": 0.06849315,
              "sizeType": 0,
              "tag": 445,
              "touchAble": false,
              "useMergedTexture": false,
              "visible": true,
              "width": 214,
              "x": -125,
              "y": 30,
              "capInsetsHeight": 2,
              "capInsetsWidth": 2,
              "capInsetsX": 10,
              "capInsetsY": 10,
              "fileName": null,
              "fileNameData": {
                "path": "Games/GLobby/res/common/img_shurukuang.png",
                "plistFile": "",
                "resourceType": 0
              },
              "scale9Enable": true,
              "scale9Height": 40,
              "scale9Width": 214
            }
          },
          {
            "classname": "TextField",
            "name": null,
            "children": [],
            "options": {
              "__type": "TextFieldSurrogate:#EditorCommon.JsonModel.Component.GUI",
              "classname": "TextField",
              "name": "TextField_pdnum",
              "ZOrder": 0,
              "actiontag": 9976981,
              "anchorPointX": 1.49011612E-08,
              "anchorPointY": 1.49011612E-08,
              "classType": "CocoStudio.EngineAdapterWrap.CSTextField",
              "colorB": 180,
              "colorG": 209,
              "colorR": 216,
              "customProperty": "",
              "flipX": false,
              "flipY": false,
              "height": 31,
              "ignoreSize": false,
              "layoutParameter": null,
              "opacity": 255,
              "positionPercentX": -0.329022974,
              "positionPercentY": 0.0325342454,
              "positionType": 0,
              "rotation": 0,
              "scaleX": 1,
              "scaleY": 1,
              "sizePercentX": 0.301724136,
              "sizePercentY": 0.05308219,
              "sizeType": 0,
              "tag": 389,
              "touchAble": true,
              "useMergedTexture": false,
              "visible": true,
              "width": 210,
              "x": -229,
              "y": 19,
              "areaHeight": 31,
              "areaWidth": 210,
              "fontFile": null,
              "fontName": "微软雅黑",
              "fontSize": 24,
              "maxLength": 7,
              "maxLengthEnable": false,
              "passwordEnable": false,
              "passwordStyleText": "*",
              "placeHolder": "0",
              "text": ""
            }
          },
          {
            "classname": "Label",
            "name": null,
            "children": [],
            "options": {
              "__type": "LabelSurrogate:#EditorCommon.JsonModel.Component.GUI",
              "classname": "Label",
              "name": "Label_pdtnum",
              "ZOrder": 0,
              "actiontag": 25614124,
              "anchorPointX": 1.49011612E-08,
              "anchorPointY": 0.5,
              "classType": "CocoStudio.EngineAdapterWrap.CSLabel",
              "colorB": 161,
              "colorG": 209,
              "colorR": 230,
              "customProperty": "",
              "flipX": false,
              "flipY": false,
              "height": 0,
              "ignoreSize": true,
              "layoutParameter": null,
              "opacity": 255,
              "positionPercentX": -0.0244252868,
              "positionPercentY": 0.0513698645,
              "positionType": 0,
              "rotation": 0,
              "scaleX": 1,
              "scaleY": 1,
              "sizePercentX": 1.43678162E-05,
              "sizePercentY": 1.71232878E-05,
              "sizeType": 0,
              "tag": 390,
              "touchAble": false,
              "useMergedTexture": false,
              "visible": true,
              "width": 0,
              "x": -17,
              "y": 30,
              "areaHeight": 0,
              "areaWidth": 0,
              "fontFile": null,
              "fontName": "微软雅黑",
              "fontSize": 26,
              "hAlignment": 0,
              "text": "",
              "touchScaleEnable": false,
              "vAlignment": 1
            }
          },
          {
            "classname": "CheckBox",
            "name": null,
            "children": [],
            "options": {
              "__type": "CheckBoxSurrogate:#EditorCommon.JsonModel.Component.GUI",
              "classname": "CheckBox",
              "name": "CheckBox_auto",
              "ZOrder": 0,
              "actiontag": 17362281,
              "anchorPointX": 0,
              "anchorPointY": 0,
              "classType": "CocoStudio.EngineAdapterWrap.CSCheckBox",
              "colorB": 255,
              "colorG": 255,
              "colorR": 255,
              "customProperty": "",
              "flipX": false,
              "flipY": false,
              "height": 27,
              "ignoreSize": true,
              "layoutParameter": null,
              "opacity": 255,
              "positionPercentX": -0.19252874,
              "positionPercentY": -0.171232879,
              "positionType": 0,
              "rotation": 0,
              "scaleX": 1,
              "scaleY": 1,
              "sizePercentX": 0.400862068,
              "sizePercentY": 0.0462328754,
              "sizeType": 0,
              "tag": 393,
              "touchAble": true,
              "useMergedTexture": false,
              "visible": true,
              "width": 279,
              "x": -134,
              "y": -100,
              "backGroundBox": null,
              "backGroundBoxData": {
                "path": "Games/GLobby/res/club/createCard/img_default.png",
                "plistFile": "",
                "resourceType": 0
              },
              "backGroundBoxDisabled": null,
              "backGroundBoxDisabledData": {
                "path": null,
                "plistFile": null,
                "resourceType": 0
              },
              "backGroundBoxSelected": null,
              "backGroundBoxSelectedData": {
                "path": null,
                "plistFile": null,
                "resourceType": 0
              },
              "frontCross": null,
              "frontCrossData": {
                "path": "Games/GLobby/res/club/createCard/img_confirm.png",
                "plistFile": "",
                "resourceType": 0
              },
              "frontCrossDisabled": null,
              "frontCrossDisabledData": {
                "path": null,
                "plistFile": null,
                "resourceType": 0
              },
              "selectedState": true
            }
          },
          {
            "classname": "Label",
            "name": null,
            "children": [],
            "options": {
              "__type": "LabelSurrogate:#EditorCommon.JsonModel.Component.GUI",
              "classname": "Label",
              "name": "Label_hdf_5_0",
              "ZOrder": 0,
              "actiontag": 43692732,
              "anchorPointX": 0.5,
              "anchorPointY": 0.5,
              "classType": "CocoStudio.EngineAdapterWrap.CSLabel",
              "colorB": 138,
              "colorG": 190,
              "colorR": 218,
              "customProperty": "",
              "flipX": false,
              "flipY": false,
              "height": 35,
              "ignoreSize": true,
              "layoutParameter": null,
              "opacity": 255,
              "positionPercentX": 0,
              "positionPercentY": -0.342465758,
              "positionType": 0,
              "rotation": 0,
              "scaleX": 1,
              "scaleY": 1,
              "sizePercentX": 0.540229857,
              "sizePercentY": 0.0599315055,
              "sizeType": 0,
              "tag": 3858,
              "touchAble": false,
              "useMergedTexture": false,
              "visible": true,
              "width": 376,
              "x": 0,
              "y": -200,
              "areaHeight": 0,
              "areaWidth": 0,
              "fontFile": null,
              "fontName": "微软雅黑",
              "fontSize": 26,
              "hAlignment": 0,
              "text": "*牌局消耗炮弹由渔厅创始人提供",
              "touchScaleEnable": false,
              "vAlignment": 1
            }
          },
          {
            "classname": "ImageView",
            "name": null,
            "children": [],
            "options": {
              "__type": "ImageViewSurrogate:#EditorCommon.JsonModel.Component.GUI",
              "classname": "ImageView",
              "name": "Image_10_1",
              "ZOrder": 0,
              "actiontag": 19605934,
              "anchorPointX": 0.5,
              "anchorPointY": 0.5,
              "classType": "CocoStudio.EngineAdapterWrap.CSImageView",
              "colorB": 255,
              "colorG": 255,
              "colorR": 255,
              "customProperty": "",
              "flipX": false,
              "flipY": false,
              "height": 59,
              "ignoreSize": true,
              "layoutParameter": null,
              "opacity": 255,
              "positionPercentX": -0.316091955,
              "positionPercentY": 0.308219165,
              "positionType": 0,
              "rotation": 0,
              "scaleX": 1,
              "scaleY": 1,
              "sizePercentX": 0.2658046,
              "sizePercentY": 0.1010274,
              "sizeType": 0,
              "tag": 4965,
              "touchAble": false,
              "useMergedTexture": false,
              "visible": true,
              "width": 185,
              "x": -220,
              "y": 180,
              "capInsetsHeight": 1,
              "capInsetsWidth": 1,
              "capInsetsX": 0,
              "capInsetsY": 0,
              "fileName": null,
              "fileNameData": {
                "path": "Games/GLobby/res/club/createCard/shipao1.png",
                "plistFile": "",
                "resourceType": 0
              },
              "scale9Enable": false,
              "scale9Height": 59,
              "scale9Width": 185
            }
          },
          {
            "classname": "ImageView",
            "name": null,
            "children": [],
            "options": {
              "__type": "ImageViewSurrogate:#EditorCommon.JsonModel.Component.GUI",
              "classname": "ImageView",
              "name": "Image_10_2",
              "ZOrder": 0,
              "actiontag": 24596649,
              "anchorPointX": 0.5,
              "anchorPointY": 0.5,
              "classType": "CocoStudio.EngineAdapterWrap.CSImageView",
              "colorB": 255,
              "colorG": 255,
              "colorR": 255,
              "customProperty": "",
              "flipX": false,
              "flipY": false,
              "height": 59,
              "ignoreSize": true,
              "layoutParameter": null,
              "opacity": 255,
              "positionPercentX": -0.316091955,
              "positionPercentY": 0.308219165,
              "positionType": 0,
              "rotation": 0,
              "scaleX": 1,
              "scaleY": 1,
              "sizePercentX": 0.2658046,
              "sizePercentY": 0.1010274,
              "sizeType": 0,
              "tag": 4967,
              "touchAble": false,
              "useMergedTexture": false,
              "visible": false,
              "width": 185,
              "x": -220,
              "y": 180,
              "capInsetsHeight": 1,
              "capInsetsWidth": 1,
              "capInsetsX": 0,
              "capInsetsY": 0,
              "fileName": null,
              "fileNameData": {
                "path": "Games/GLobby/res/club/createCard/shipao2.png",
                "plistFile": "",
                "resourceType": 0
              },
              "scale9Enable": false,
              "scale9Height": 59,
              "scale9Width": 185
            }
          },
          {
            "classname": "ImageView",
            "name": null,
            "children": [],
            "options": {
              "__type": "ImageViewSurrogate:#EditorCommon.JsonModel.Component.GUI",
              "classname": "ImageView",
              "name": "Image_100_1",
              "ZOrder": 0,
              "actiontag": 22647410,
              "anchorPointX": 0.5,
              "anchorPointY": 0.5,
              "classType": "CocoStudio.EngineAdapterWrap.CSImageView",
              "colorB": 255,
              "colorG": 255,
              "colorR": 255,
              "customProperty": "",
              "flipX": false,
              "flipY": false,
              "height": 59,
              "ignoreSize": true,
              "layoutParameter": null,
              "opacity": 255,
              "positionPercentX": 0,
              "positionPercentY": 0.308219165,
              "positionType": 0,
              "rotation": 0,
              "scaleX": 1,
              "scaleY": 1,
              "sizePercentX": 0.2658046,
              "sizePercentY": 0.1010274,
              "sizeType": 0,
              "tag": 4969,
              "touchAble": false,
              "useMergedTexture": false,
              "visible": false,
              "width": 185,
              "x": 0,
              "y": 180,
              "capInsetsHeight": 1,
              "capInsetsWidth": 1,
              "capInsetsX": 0,
              "capInsetsY": 0,
              "fileName": null,
              "fileNameData": {
                "path": "Games/GLobby/res/club/createCard/baipao1.png",
                "plistFile": "",
                "resourceType": 0
              },
              "scale9Enable": false,
              "scale9Height": 59,
              "scale9Width": 185
            }
          },
          {
            "classname": "ImageView",
            "name": null,
            "children": [],
            "options": {
              "__type": "ImageViewSurrogate:#EditorCommon.JsonModel.Component.GUI",
              "classname": "ImageView",
              "name": "Image_100_2",
              "ZOrder": 0,
              "actiontag": 16772820,
              "anchorPointX": 0.5,
              "anchorPointY": 0.5,
              "classType": "CocoStudio.EngineAdapterWrap.CSImageView",
              "colorB": 255,
              "colorG": 255,
              "colorR": 255,
              "customProperty": "",
              "flipX": false,
              "flipY": false,
              "height": 59,
              "ignoreSize": true,
              "layoutParameter": null,
              "opacity": 255,
              "positionPercentX": 0,
              "positionPercentY": 0.308219165,
              "positionType": 0,
              "rotation": 0,
              "scaleX": 1,
              "scaleY": 1,
              "sizePercentX": 0.2658046,
              "sizePercentY": 0.1010274,
              "sizeType": 0,
              "tag": 4970,
              "touchAble": false,
              "useMergedTexture": false,
              "visible": true,
              "width": 185,
              "x": 0,
              "y": 180,
              "capInsetsHeight": 1,
              "capInsetsWidth": 1,
              "capInsetsX": 0,
              "capInsetsY": 0,
              "fileName": null,
              "fileNameData": {
                "path": "Games/GLobby/res/club/createCard/baipao2.png",
                "plistFile": "",
                "resourceType": 0
              },
              "scale9Enable": false,
              "scale9Height": 59,
              "scale9Width": 185
            }
          },
          {
            "classname": "ImageView",
            "name": null,
            "children": [],
            "options": {
              "__type": "ImageViewSurrogate:#EditorCommon.JsonModel.Component.GUI",
              "classname": "ImageView",
              "name": "Image_1000_1",
              "ZOrder": 0,
              "actiontag": 60872827,
              "anchorPointX": 0.5,
              "anchorPointY": 0.5,
              "classType": "CocoStudio.EngineAdapterWrap.CSImageView",
              "colorB": 255,
              "colorG": 255,
              "colorR": 255,
              "customProperty": "",
              "flipX": false,
              "flipY": false,
              "height": 59,
              "ignoreSize": true,
              "layoutParameter": null,
              "opacity": 255,
              "positionPercentX": 0.316091955,
              "positionPercentY": 0.308219165,
              "positionType": 0,
              "rotation": 0,
              "scaleX": 1,
              "scaleY": 1,
              "sizePercentX": 0.2658046,
              "sizePercentY": 0.1010274,
              "sizeType": 0,
              "tag": 4971,
              "touchAble": false,
              "useMergedTexture": false,
              "visible": false,
              "width": 185,
              "x": 220,
              "y": 180,
              "capInsetsHeight": 1,
              "capInsetsWidth": 1,
              "capInsetsX": 0,
              "capInsetsY": 0,
              "fileName": null,
              "fileNameData": {
                "path": "Games/GLobby/res/club/createCard/qianpao1.png",
                "plistFile": "",
                "resourceType": 0
              },
              "scale9Enable": false,
              "scale9Height": 59,
              "scale9Width": 185
            }
          },
          {
            "classname": "ImageView",
            "name": null,
            "children": [],
            "options": {
              "__type": "ImageViewSurrogate:#EditorCommon.JsonModel.Component.GUI",
              "classname": "ImageView",
              "name": "Image_1000_2",
              "ZOrder": 0,
              "actiontag": 66389604,
              "anchorPointX": 0.5,
              "anchorPointY": 0.5,
              "classType": "CocoStudio.EngineAdapterWrap.CSImageView",
              "colorB": 255,
              "colorG": 255,
              "colorR": 255,
              "customProperty": "",
              "flipX": false,
              "flipY": false,
              "height": 59,
              "ignoreSize": true,
              "layoutParameter": null,
              "opacity": 255,
              "positionPercentX": 0.316091955,
              "positionPercentY": 0.308219165,
              "positionType": 0,
              "rotation": 0,
              "scaleX": 1,
              "scaleY": 1,
              "sizePercentX": 0.2658046,
              "sizePercentY": 0.1010274,
              "sizeType": 0,
              "tag": 4972,
              "touchAble": false,
              "useMergedTexture": false,
              "visible": true,
              "width": 185,
              "x": 220,
              "y": 180,
              "capInsetsHeight": 1,
              "capInsetsWidth": 1,
              "capInsetsX": 0,
              "capInsetsY": 0,
              "fileName": null,
              "fileNameData": {
                "path": "Games/GLobby/res/club/createCard/qianpao2.png",
                "plistFile": "",
                "resourceType": 0
              },
              "scale9Enable": false,
              "scale9Height": 59,
              "scale9Width": 185
            }
          }
        ],
        "options": {
          "__type": "ImageViewSurrogate:#EditorCommon.JsonModel.Component.GUI",
          "classname": "ImageView",
          "name": "Image_set",
          "ZOrder": 1,
          "actiontag": 24481829,
          "anchorPointX": 0.5,
          "anchorPointY": 0.5,
          "classType": "CocoStudio.EngineAdapterWrap.CSImageView",
          "colorB": 255,
          "colorG": 255,
          "colorR": 255,
          "customProperty": "",
          "flipX": false,
          "flipY": false,
          "height": 584,
          "ignoreSize": false,
          "layoutParameter": null,
          "opacity": 255,
          "positionPercentX": 0.5,
          "positionPercentY": 0.4921875,
          "positionType": 0,
          "rotation": 0,
          "scaleX": 1,
          "scaleY": 1,
          "sizePercentX": 0.966666639,
          "sizePercentY": 0.45625,
          "sizeType": 0,
          "tag": 379,
          "touchAble": false,
          "useMergedTexture": false,
          "visible": true,
          "width": 696,
          "x": 360,
          "y": 630,
          "capInsetsHeight": 1,
          "capInsetsWidth": 1,
          "capInsetsX": 10,
          "capInsetsY": 10,
          "fileName": null,
          "fileNameData": {
            "path": "Games/GLobby/res/common/dibanBg.png",
            "plistFile": "",
            "resourceType": 0
          },
          "scale9Enable": true,
          "scale9Height": 584,
          "scale9Width": 696
        }
      },
      {
        "classname": "ImageView",
        "name": null,
        "children": [],
        "options": {
          "__type": "ImageViewSurrogate:#EditorCommon.JsonModel.Component.GUI",
          "classname": "ImageView",
          "name": "Image_create_card",
          "ZOrder": 1,
          "actiontag": 59896239,
          "anchorPointX": 0.5,
          "anchorPointY": 0.5,
          "classType": "CocoStudio.EngineAdapterWrap.CSImageView",
          "colorB": 255,
          "colorG": 255,
          "colorR": 255,
          "customProperty": "",
          "flipX": false,
          "flipY": false,
          "height": 86,
          "ignoreSize": true,
          "layoutParameter": null,
          "opacity": 255,
          "positionPercentX": 0.5,
          "positionPercentY": 0.1796875,
          "positionType": 0,
          "rotation": 0,
          "scaleX": 1,
          "scaleY": 1,
          "sizePercentX": 0.504166663,
          "sizePercentY": 0.0671875,
          "sizeType": 0,
          "tag": 395,
          "touchAble": false,
          "useMergedTexture": false,
          "visible": true,
          "width": 363,
          "x": 360,
          "y": 230,
          "capInsetsHeight": 1,
          "capInsetsWidth": 1,
          "capInsetsX": 0,
          "capInsetsY": 0,
          "fileName": null,
          "fileNameData": {
            "path": "Games/GLobby/res/club/createCard/button_cjpj.png",
            "plistFile": "",
            "resourceType": 0
          },
          "scale9Enable": false,
          "scale9Height": 86,
          "scale9Width": 363
        }
      }
    ],
    "options": {
      "__type": "PanelSurrogate:#EditorCommon.JsonModel.Component.GUI",
      "classname": "Panel",
      "name": "Panel_create_card",
      "ZOrder": 0,
      "actiontag": -1,
      "anchorPointX": 0,
      "anchorPointY": 0,
      "classType": "CocoStudio.EngineAdapterWrap.CSPanel",
      "colorB": 255,
      "colorG": 255,
      "colorR": 255,
      "customProperty": "",
      "flipX": false,
      "flipY": false,
      "height": 1280,
      "ignoreSize": false,
      "layoutParameter": null,
      "opacity": 255,
      "positionPercentX": 0,
      "positionPercentY": 0,
      "positionType": 0,
      "rotation": 0,
      "scaleX": 1,
      "scaleY": 1,
      "sizePercentX": 1,
      "sizePercentY": 1,
      "sizeType": 0,
      "tag": 337,
      "touchAble": true,
      "useMergedTexture": false,
      "visible": true,
      "width": 720,
      "x": 0,
      "y": 0,
      "adaptScreen": false,
      "backGroundImage": null,
      "backGroundImageData": null,
      "backGroundScale9Enable": false,
      "bgColorB": 255,
      "bgColorG": 200,
      "bgColorOpacity": 0,
      "bgColorR": 150,
      "bgEndColorB": 255,
      "bgEndColorG": 200,
      "bgEndColorR": 150,
      "bgStartColorB": 255,
      "bgStartColorG": 255,
      "bgStartColorR": 255,
      "capInsetsHeight": 1,
      "capInsetsWidth": 1,
      "capInsetsX": 0,
      "capInsetsY": 0,
      "clipAble": false,
      "colorType": 1,
      "layoutType": 0,
      "vectorX": 0,
      "vectorY": -0.5
    }
  }
}