{
  "classname": null,
  "name": null,
  "animation": {
    "classname": null,
    "name": "AnimationManager",
    "actionlist": []
  },
  "dataScale": 1,
  "designHeight": 70,
  "designWidth": 658,
  "textures": [],
  "texturesPng": [
    "Games/GLobby/res/common/commonLine.png"
  ],
  "version": "1.6.0.0",
  "widgetTree": {
    "classname": "Panel",
    "name": null,
    "children": [
      {
        "classname": "Label",
        "name": null,
        "children": [],
        "options": {
          "__type": "LabelSurrogate:#EditorCommon.JsonModel.Component.GUI",
          "classname": "Label",
          "name": "Label_time",
          "ZOrder": 0,
          "actiontag": 16024794,
          "anchorPointX": 0.5,
          "anchorPointY": 0.4999999,
          "classType": "CocoStudio.EngineAdapterWrap.CSLabel",
          "colorB": 180,
          "colorG": 209,
          "colorR": 216,
          "customProperty": "",
          "flipX": false,
          "flipY": false,
          "height": 35,
          "ignoreSize": true,
          "layoutParameter": null,
          "opacity": 255,
          "positionPercentX": 0.212765962,
          "positionPercentY": 0.514285743,
          "positionType": 0,
          "rotation": 0,
          "scaleX": 1,
          "scaleY": 1,
          "sizePercentX": 0.303951383,
          "sizePercentY": 0.5,
          "sizeType": 0,
          "tag": 2608,
          "touchAble": false,
          "useMergedTexture": false,
          "visible": true,
          "width": 200,
          "x": 140,
          "y": 36,
          "areaHeight": 0,
          "areaWidth": 0,
          "fontFile": null,
          "fontName": "微软雅黑",
          "fontSize": 26,
          "hAlignment": 1,
          "text": "",
          "touchScaleEnable": false,
          "vAlignment": 1
        }
      },
      {
        "classname": "Label",
        "name": null,
        "children": [],
        "options": {
          "__type": "LabelSurrogate:#EditorCommon.JsonModel.Component.GUI",
          "classname": "Label",
          "name": "Label_num",
          "ZOrder": 0,
          "actiontag": 14553122,
          "anchorPointX": 1,
          "anchorPointY": 0.4999999,
          "classType": "CocoStudio.EngineAdapterWrap.CSLabel",
          "colorB": 255,
          "colorG": 255,
          "colorR": 255,
          "customProperty": "",
          "flipX": false,
          "flipY": false,
          "height": 35,
          "ignoreSize": true,
          "layoutParameter": null,
          "opacity": 255,
          "positionPercentX": 0.9118541,
          "positionPercentY": 0.5,
          "positionType": 0,
          "rotation": 0,
          "scaleX": 1,
          "scaleY": 1,
          "sizePercentX": 0.3343465,
          "sizePercentY": 0.5,
          "sizeType": 0,
          "tag": 2610,
          "touchAble": false,
          "useMergedTexture": false,
          "visible": true,
          "width": 220,
          "x": 600,
          "y": 35,
          "areaHeight": 0,
          "areaWidth": 0,
          "fontFile": null,
          "fontName": "微软雅黑",
          "fontSize": 26,
          "hAlignment": 1,
          "text": "",
          "touchScaleEnable": false,
          "vAlignment": 2
        }
      },
      {
        "classname": "ImageView",
        "name": null,
        "children": [],
        "options": {
          "__type": "ImageViewSurrogate:#EditorCommon.JsonModel.Component.GUI",
          "classname": "ImageView",
          "name": "Image_seg",
          "ZOrder": 0,
          "actiontag": 35166659,
          "anchorPointX": 0.5,
          "anchorPointY": 0.5,
          "classType": "CocoStudio.EngineAdapterWrap.CSImageView",
          "colorB": 255,
          "colorG": 255,
          "colorR": 255,
          "customProperty": "",
          "flipX": false,
          "flipY": false,
          "height": 2,
          "ignoreSize": false,
          "layoutParameter": null,
          "opacity": 255,
          "positionPercentX": 0.5,
          "positionPercentY": 0.0285714287,
          "positionType": 0,
          "rotation": 0,
          "scaleX": 1,
          "scaleY": 1,
          "sizePercentX": 1,
          "sizePercentY": 0.0285714287,
          "sizeType": 0,
          "tag": 2615,
          "touchAble": false,
          "useMergedTexture": false,
          "visible": true,
          "width": 658,
          "x": 329,
          "y": 2,
          "capInsetsHeight": 1,
          "capInsetsWidth": 1,
          "capInsetsX": 0,
          "capInsetsY": 0,
          "fileName": null,
          "fileNameData": {
            "path": "Games/GLobby/res/common/commonLine.png",
            "plistFile": "",
            "resourceType": 0
          },
          "scale9Enable": false,
          "scale9Height": 2,
          "scale9Width": 658
        }
      }
    ],
    "options": {
      "__type": "PanelSurrogate:#EditorCommon.JsonModel.Component.GUI",
      "classname": "Panel",
      "name": "Panel_record_item",
      "ZOrder": 0,
      "actiontag": -1,
      "anchorPointX": 1.49011612E-08,
      "anchorPointY": 1.49011612E-08,
      "classType": "CocoStudio.EngineAdapterWrap.CSPanel",
      "colorB": 255,
      "colorG": 255,
      "colorR": 255,
      "customProperty": "",
      "flipX": false,
      "flipY": false,
      "height": 70,
      "ignoreSize": false,
      "layoutParameter": null,
      "opacity": 255,
      "positionPercentX": 0,
      "positionPercentY": 0,
      "positionType": 0,
      "rotation": 0,
      "scaleX": 1,
      "scaleY": 1,
      "sizePercentX": 1,
      "sizePercentY": 1,
      "sizeType": 0,
      "tag": 2607,
      "touchAble": true,
      "useMergedTexture": false,
      "visible": true,
      "width": 658,
      "x": 0,
      "y": 0,
      "adaptScreen": false,
      "backGroundImage": null,
      "backGroundImageData": null,
      "backGroundScale9Enable": false,
      "bgColorB": 13,
      "bgColorG": 9,
      "bgColorOpacity": 0,
      "bgColorR": 245,
      "bgEndColorB": 255,
      "bgEndColorG": 200,
      "bgEndColorR": 150,
      "bgStartColorB": 255,
      "bgStartColorG": 255,
      "bgStartColorR": 255,
      "capInsetsHeight": 1,
      "capInsetsWidth": 1,
      "capInsetsX": 0,
      "capInsetsY": 0,
      "clipAble": false,
      "colorType": 0,
      "layoutType": 0,
      "vectorX": 0,
      "vectorY": -0.5
    }
  }
}