{
  "classname": null,
  "name": null,
  "animation": {
    "classname": null,
    "name": "AnimationManager",
    "actionlist": []
  },
  "dataScale": 1,
  "designHeight": 1280,
  "designWidth": 720,
  "textures": [],
  "texturesPng": [
    "Games/GLobby/res/common/bg.png",
    "Games/GLobby/res/common/dibanBg.png",
    "Games/GLobby/res/club/clubHead/icon_huizhang1.png",
    "Games/GLobby/res/club/clubManage/txt_js.png",
    "Games/GLobby/res/club/clubManage/txt_xg.png",
    "Games/GLobby/res/club/clubManage/write.png",
    "Games/GLobby/res/common/img_person_head.png",
    "Games/GLobby/res/common/commonLine.png",
    "Games/GLobby/res/club/button_jsjlb.png",
    "Games/GLobby/res/club/button_tcyc.png"
  ],
  "version": "1.6.0.0",
  "widgetTree": {
    "classname": "Panel",
    "name": null,
    "children": [
      {
        "classname": "ImageView",
        "name": null,
        "children": [],
        "options": {
          "__type": "ImageViewSurrogate:#EditorCommon.JsonModel.Component.GUI",
          "classname": "ImageView",
          "name": "Image_bg",
          "ZOrder": 0,
          "actiontag": 49309971,
          "anchorPointX": 0.5,
          "anchorPointY": 0.5,
          "classType": "CocoStudio.EngineAdapterWrap.CSImageView",
          "colorB": 255,
          "colorG": 255,
          "colorR": 255,
          "customProperty": "",
          "flipX": false,
          "flipY": false,
          "height": 1280,
          "ignoreSize": false,
          "layoutParameter": null,
          "opacity": 255,
          "positionPercentX": 0.5,
          "positionPercentY": 0.5,
          "positionType": 0,
          "rotation": 0,
          "scaleX": 1,
          "scaleY": 1,
          "sizePercentX": 1,
          "sizePercentY": 1,
          "sizeType": 0,
          "tag": 649,
          "touchAble": false,
          "useMergedTexture": false,
          "visible": true,
          "width": 720,
          "x": 360,
          "y": 640,
          "capInsetsHeight": 2,
          "capInsetsWidth": 2,
          "capInsetsX": 10,
          "capInsetsY": 10,
          "fileName": null,
          "fileNameData": {
            "path": "Games/GLobby/res/common/bg.png",
            "plistFile": "",
            "resourceType": 0
          },
          "scale9Enable": true,
          "scale9Height": 1280,
          "scale9Width": 720
        }
      },
      {
        "classname": "ImageView",
        "name": null,
        "children": [
          {
            "classname": "ImageView",
            "name": null,
            "children": [],
            "options": {
              "__type": "ImageViewSurrogate:#EditorCommon.JsonModel.Component.GUI",
              "classname": "ImageView",
              "name": "Image_club_head",
              "ZOrder": 0,
              "actiontag": 63117627,
              "anchorPointX": 0.5,
              "anchorPointY": 0.5,
              "classType": "CocoStudio.EngineAdapterWrap.CSImageView",
              "colorB": 255,
              "colorG": 255,
              "colorR": 255,
              "customProperty": "",
              "flipX": false,
              "flipY": false,
              "height": 127,
              "ignoreSize": true,
              "layoutParameter": null,
              "opacity": 255,
              "positionPercentX": 0,
              "positionPercentY": 0.183206111,
              "positionType": 0,
              "rotation": 0,
              "scaleX": 1,
              "scaleY": 1,
              "sizePercentX": 0.18247126,
              "sizePercentY": 0.484732836,
              "sizeType": 0,
              "tag": 652,
              "touchAble": false,
              "useMergedTexture": false,
              "visible": true,
              "width": 127,
              "x": 0,
              "y": 48,
              "capInsetsHeight": 1,
              "capInsetsWidth": 1,
              "capInsetsX": 0,
              "capInsetsY": 0,
              "fileName": null,
              "fileNameData": {
                "path": "Games/GLobby/res/club/clubHead/icon_huizhang1.png",
                "plistFile": "",
                "resourceType": 0
              },
              "scale9Enable": false,
              "scale9Height": 127,
              "scale9Width": 127
            }
          },
          {
            "classname": "Label",
            "name": null,
            "children": [],
            "options": {
              "__type": "LabelSurrogate:#EditorCommon.JsonModel.Component.GUI",
              "classname": "Label",
              "name": "Label_name",
              "ZOrder": 0,
              "actiontag": 43374489,
              "anchorPointX": 0.5,
              "anchorPointY": 0.5,
              "classType": "CocoStudio.EngineAdapterWrap.CSLabel",
              "colorB": 255,
              "colorG": 255,
              "colorR": 255,
              "customProperty": "",
              "flipX": false,
              "flipY": false,
              "height": 0,
              "ignoreSize": true,
              "layoutParameter": null,
              "opacity": 255,
              "positionPercentX": 0,
              "positionPercentY": -0.1908397,
              "positionType": 0,
              "rotation": 0,
              "scaleX": 1,
              "scaleY": 1,
              "sizePercentX": 1.43678162E-05,
              "sizePercentY": 3.816794E-05,
              "sizeType": 0,
              "tag": 671,
              "touchAble": false,
              "useMergedTexture": false,
              "visible": true,
              "width": 0,
              "x": 0,
              "y": -50,
              "areaHeight": 0,
              "areaWidth": 0,
              "fontFile": null,
              "fontName": "微软雅黑",
              "fontSize": 24,
              "hAlignment": 1,
              "text": "",
              "touchScaleEnable": false,
              "vAlignment": 1
            }
          },
          {
            "classname": "Label",
            "name": null,
            "children": [],
            "options": {
              "__type": "LabelSurrogate:#EditorCommon.JsonModel.Component.GUI",
              "classname": "Label",
              "name": "Label_id",
              "ZOrder": 0,
              "actiontag": 18723035,
              "anchorPointX": 0.5,
              "anchorPointY": 0.5,
              "classType": "CocoStudio.EngineAdapterWrap.CSLabel",
              "colorB": 169,
              "colorG": 169,
              "colorR": 169,
              "customProperty": "",
              "flipX": false,
              "flipY": false,
              "height": 0,
              "ignoreSize": true,
              "layoutParameter": null,
              "opacity": 255,
              "positionPercentX": 0,
              "positionPercentY": -0.3816794,
              "positionType": 0,
              "rotation": 0,
              "scaleX": 1,
              "scaleY": 1,
              "sizePercentX": 1.43678162E-05,
              "sizePercentY": 3.816794E-05,
              "sizeType": 0,
              "tag": 673,
              "touchAble": false,
              "useMergedTexture": false,
              "visible": true,
              "width": 0,
              "x": 0,
              "y": -100,
              "areaHeight": 0,
              "areaWidth": 0,
              "fontFile": null,
              "fontName": "微软雅黑",
              "fontSize": 24,
              "hAlignment": 1,
              "text": "",
              "touchScaleEnable": false,
              "vAlignment": 1
            }
          },
          {
            "classname": "Label",
            "name": null,
            "children": [],
            "options": {
              "__type": "LabelSurrogate:#EditorCommon.JsonModel.Component.GUI",
              "classname": "Label",
              "name": "Label_num",
              "ZOrder": 0,
              "actiontag": 11352746,
              "anchorPointX": 0.5,
              "anchorPointY": 0.5,
              "classType": "CocoStudio.EngineAdapterWrap.CSLabel",
              "colorB": 181,
              "colorG": 211,
              "colorR": 215,
              "customProperty": "",
              "flipX": false,
              "flipY": false,
              "height": 36,
              "ignoreSize": false,
              "layoutParameter": null,
              "opacity": 255,
              "positionPercentX": 0.158045977,
              "positionPercentY": -0.122137405,
              "positionType": 0,
              "rotation": 0,
              "scaleX": 1,
              "scaleY": 1,
              "sizePercentX": 0.258620679,
              "sizePercentY": 0.137404576,
              "sizeType": 0,
              "tag": 695,
              "touchAble": false,
              "useMergedTexture": false,
              "visible": false,
              "width": 180,
              "x": 110,
              "y": -32,
              "areaHeight": 36,
              "areaWidth": 180,
              "fontFile": null,
              "fontName": "Games/GLobby/res/font/fangzhengzhunyuan.TTF",
              "fontSize": 24,
              "hAlignment": 0,
              "text": "成员总数：1000",
              "touchScaleEnable": false,
              "vAlignment": 1
            }
          }
        ],
        "options": {
          "__type": "ImageViewSurrogate:#EditorCommon.JsonModel.Component.GUI",
          "classname": "ImageView",
          "name": "Image_top",
          "ZOrder": 0,
          "actiontag": 18122635,
          "anchorPointX": 0.5,
          "anchorPointY": 0.5,
          "classType": "CocoStudio.EngineAdapterWrap.CSImageView",
          "colorB": 255,
          "colorG": 255,
          "colorR": 255,
          "customProperty": "",
          "flipX": false,
          "flipY": false,
          "height": 262,
          "ignoreSize": false,
          "layoutParameter": null,
          "opacity": 255,
          "positionPercentX": 0.497222215,
          "positionPercentY": 0.8203125,
          "positionType": 0,
          "rotation": 0,
          "scaleX": 1,
          "scaleY": 1,
          "sizePercentX": 0.966666639,
          "sizePercentY": 0.2046875,
          "sizeType": 0,
          "tag": 651,
          "touchAble": false,
          "useMergedTexture": false,
          "visible": true,
          "width": 696,
          "x": 358,
          "y": 1050,
          "capInsetsHeight": 2,
          "capInsetsWidth": 2,
          "capInsetsX": 10,
          "capInsetsY": 10,
          "fileName": null,
          "fileNameData": {
            "path": "Games/GLobby/res/common/dibanBg.png",
            "plistFile": "",
            "resourceType": 0
          },
          "scale9Enable": true,
          "scale9Height": 262,
          "scale9Width": 696
        }
      },
      {
        "classname": "ImageView",
        "name": null,
        "children": [
          {
            "classname": "ImageView",
            "name": null,
            "children": [],
            "options": {
              "__type": "ImageViewSurrogate:#EditorCommon.JsonModel.Component.GUI",
              "classname": "ImageView",
              "name": "Image_js",
              "ZOrder": 0,
              "actiontag": 17059934,
              "anchorPointX": 0.5,
              "anchorPointY": 0.5,
              "classType": "CocoStudio.EngineAdapterWrap.CSImageView",
              "colorB": 255,
              "colorG": 255,
              "colorR": 255,
              "customProperty": "",
              "flipX": false,
              "flipY": false,
              "height": 26,
              "ignoreSize": true,
              "layoutParameter": null,
              "opacity": 255,
              "positionPercentX": -0.416666657,
              "positionPercentY": 0,
              "positionType": 0,
              "rotation": 0,
              "scaleX": 1,
              "scaleY": 1,
              "sizePercentX": 0.130747125,
              "sizePercentY": 0.351351351,
              "sizeType": 0,
              "tag": 3497,
              "touchAble": false,
              "useMergedTexture": false,
              "visible": false,
              "width": 91,
              "x": -290,
              "y": 0,
              "capInsetsHeight": 1,
              "capInsetsWidth": 1,
              "capInsetsX": 0,
              "capInsetsY": 0,
              "fileName": null,
              "fileNameData": {
                "path": "Games/GLobby/res/club/clubManage/txt_js.png",
                "plistFile": "",
                "resourceType": 0
              },
              "scale9Enable": false,
              "scale9Height": 26,
              "scale9Width": 91
            }
          },
          {
            "classname": "Label",
            "name": null,
            "children": [],
            "options": {
              "__type": "LabelSurrogate:#EditorCommon.JsonModel.Component.GUI",
              "classname": "Label",
              "name": "Label_introduce",
              "ZOrder": 0,
              "actiontag": 19321685,
              "anchorPointX": 0.5,
              "anchorPointY": 0.5,
              "classType": "CocoStudio.EngineAdapterWrap.CSLabel",
              "colorB": 181,
              "colorG": 211,
              "colorR": 215,
              "customProperty": "",
              "flipX": false,
              "flipY": false,
              "height": 28,
              "ignoreSize": false,
              "layoutParameter": null,
              "opacity": 255,
              "positionPercentX": 0.12931034,
              "positionPercentY": -0.0135135138,
              "positionType": 0,
              "rotation": 0,
              "scaleX": 1,
              "scaleY": 1,
              "sizePercentX": 0.6896552,
              "sizePercentY": 0.3783784,
              "sizeType": 0,
              "tag": 3498,
              "touchAble": false,
              "useMergedTexture": false,
              "visible": false,
              "width": 480,
              "x": 90,
              "y": -1,
              "areaHeight": 28,
              "areaWidth": 480,
              "fontFile": null,
              "fontName": "Games/GLobby/res/font/fangzhengzhunyuan.TTF",
              "fontSize": 24,
              "hAlignment": 0,
              "text": "",
              "touchScaleEnable": false,
              "vAlignment": 1
            }
          },
          {
            "classname": "ImageView",
            "name": null,
            "children": [],
            "options": {
              "__type": "ImageViewSurrogate:#EditorCommon.JsonModel.Component.GUI",
              "classname": "ImageView",
              "name": "Image_update",
              "ZOrder": 0,
              "actiontag": 59756337,
              "anchorPointX": 0.5,
              "anchorPointY": 0.5,
              "classType": "CocoStudio.EngineAdapterWrap.CSImageView",
              "colorB": 255,
              "colorG": 255,
              "colorR": 255,
              "customProperty": "",
              "flipX": false,
              "flipY": false,
              "height": 27,
              "ignoreSize": true,
              "layoutParameter": null,
              "opacity": 255,
              "positionPercentX": -0.301724136,
              "positionPercentY": 0,
              "positionType": 0,
              "rotation": 0,
              "scaleX": 1,
              "scaleY": 1,
              "sizePercentX": 0.116379313,
              "sizePercentY": 0.364864856,
              "sizeType": 0,
              "tag": 3501,
              "touchAble": false,
              "useMergedTexture": false,
              "visible": false,
              "width": 81,
              "x": -210,
              "y": 0,
              "capInsetsHeight": 1,
              "capInsetsWidth": 1,
              "capInsetsX": 0,
              "capInsetsY": 0,
              "fileName": null,
              "fileNameData": {
                "path": "Games/GLobby/res/club/clubManage/txt_xg.png",
                "plistFile": "",
                "resourceType": 0
              },
              "scale9Enable": false,
              "scale9Height": 27,
              "scale9Width": 81
            }
          },
          {
            "classname": "Label",
            "name": null,
            "children": [],
            "options": {
              "__type": "LabelSurrogate:#EditorCommon.JsonModel.Component.GUI",
              "classname": "Label",
              "name": "Label_js",
              "ZOrder": 0,
              "actiontag": 26033059,
              "anchorPointX": 0.5,
              "anchorPointY": 0.5,
              "classType": "CocoStudio.EngineAdapterWrap.CSLabel",
              "colorB": 255,
              "colorG": 255,
              "colorR": 255,
              "customProperty": "",
              "flipX": false,
              "flipY": false,
              "height": 35,
              "ignoreSize": true,
              "layoutParameter": null,
              "opacity": 255,
              "positionPercentX": -0.416666657,
              "positionPercentY": 0,
              "positionType": 0,
              "rotation": 0,
              "scaleX": 1,
              "scaleY": 1,
              "sizePercentX": 0.07471264,
              "sizePercentY": 0.472972959,
              "sizeType": 0,
              "tag": 3535,
              "touchAble": false,
              "useMergedTexture": false,
              "visible": true,
              "width": 52,
              "x": -290,
              "y": 0,
              "areaHeight": 0,
              "areaWidth": 0,
              "fontFile": null,
              "fontName": "微软雅黑",
              "fontSize": 26,
              "hAlignment": 0,
              "text": "介绍",
              "touchScaleEnable": false,
              "vAlignment": 0
            }
          },
          {
            "classname": "ImageView",
            "name": null,
            "children": [],
            "options": {
              "__type": "ImageViewSurrogate:#EditorCommon.JsonModel.Component.GUI",
              "classname": "ImageView",
              "name": "Image_write",
              "ZOrder": 0,
              "actiontag": 12379115,
              "anchorPointX": 0.5,
              "anchorPointY": 0.5,
              "classType": "CocoStudio.EngineAdapterWrap.CSImageView",
              "colorB": 255,
              "colorG": 255,
              "colorR": 255,
              "customProperty": "",
              "flipX": false,
              "flipY": false,
              "height": 24,
              "ignoreSize": true,
              "layoutParameter": null,
              "opacity": 255,
              "positionPercentX": 0.4755747,
              "positionPercentY": 0,
              "positionType": 0,
              "rotation": 0,
              "scaleX": 1,
              "scaleY": 1,
              "sizePercentX": 0.0330459774,
              "sizePercentY": 0.3243243,
              "sizeType": 0,
              "tag": 4392,
              "touchAble": false,
              "useMergedTexture": false,
              "visible": true,
              "width": 23,
              "x": 331,
              "y": 0,
              "capInsetsHeight": 1,
              "capInsetsWidth": 1,
              "capInsetsX": 0,
              "capInsetsY": 0,
              "fileName": null,
              "fileNameData": {
                "path": "Games/GLobby/res/club/clubManage/write.png",
                "plistFile": "",
                "resourceType": 0
              },
              "scale9Enable": false,
              "scale9Height": 24,
              "scale9Width": 23
            }
          },
          {
            "classname": "TextField",
            "name": null,
            "children": [],
            "options": {
              "__type": "TextFieldSurrogate:#EditorCommon.JsonModel.Component.GUI",
              "classname": "TextField",
              "name": "TextField_introduce",
              "ZOrder": 0,
              "actiontag": 30157201,
              "anchorPointX": 1.49011612E-08,
              "anchorPointY": 0.5,
              "classType": "CocoStudio.EngineAdapterWrap.CSTextField",
              "colorB": 255,
              "colorG": 255,
              "colorR": 255,
              "customProperty": "",
              "flipX": false,
              "flipY": false,
              "height": 34,
              "ignoreSize": false,
              "layoutParameter": null,
              "opacity": 255,
              "positionPercentX": -0.3678161,
              "positionPercentY": 0,
              "positionType": 0,
              "rotation": 0,
              "scaleX": 1,
              "scaleY": 1,
              "sizePercentX": 0.8189655,
              "sizePercentY": 0.459459454,
              "sizeType": 0,
              "tag": 3565,
              "touchAble": true,
              "useMergedTexture": false,
              "visible": true,
              "width": 570,
              "x": -256,
              "y": 0,
              "areaHeight": 34,
              "areaWidth": 570,
              "fontFile": null,
              "fontName": "微软雅黑",
              "fontSize": 24,
              "maxLength": 24,
              "maxLengthEnable": true,
              "passwordEnable": false,
              "passwordStyleText": "*",
              "placeHolder": "",
              "text": ""
            }
          }
        ],
        "options": {
          "__type": "ImageViewSurrogate:#EditorCommon.JsonModel.Component.GUI",
          "classname": "ImageView",
          "name": "Image_middle_brief",
          "ZOrder": 0,
          "actiontag": 55438739,
          "anchorPointX": 0.5,
          "anchorPointY": 0.5,
          "classType": "CocoStudio.EngineAdapterWrap.CSImageView",
          "colorB": 255,
          "colorG": 255,
          "colorR": 255,
          "customProperty": "",
          "flipX": false,
          "flipY": false,
          "height": 74,
          "ignoreSize": false,
          "layoutParameter": null,
          "opacity": 255,
          "positionPercentX": 0.495833337,
          "positionPercentY": 0.6828125,
          "positionType": 0,
          "rotation": 0,
          "scaleX": 1,
          "scaleY": 1,
          "sizePercentX": 0.966666639,
          "sizePercentY": 0.0578125,
          "sizeType": 0,
          "tag": 3491,
          "touchAble": false,
          "useMergedTexture": false,
          "visible": true,
          "width": 696,
          "x": 357,
          "y": 874,
          "capInsetsHeight": 2,
          "capInsetsWidth": 2,
          "capInsetsX": 10,
          "capInsetsY": 10,
          "fileName": null,
          "fileNameData": {
            "path": "Games/GLobby/res/common/dibanBg.png",
            "plistFile": "",
            "resourceType": 0
          },
          "scale9Enable": true,
          "scale9Height": 74,
          "scale9Width": 696
        }
      },
      {
        "classname": "ImageView",
        "name": null,
        "children": [
          {
            "classname": "Label",
            "name": null,
            "children": [],
            "options": {
              "__type": "LabelSurrogate:#EditorCommon.JsonModel.Component.GUI",
              "classname": "Label",
              "name": "Label_cjr",
              "ZOrder": 0,
              "actiontag": 41118740,
              "anchorPointX": 1.49011612E-08,
              "anchorPointY": 0.5,
              "classType": "CocoStudio.EngineAdapterWrap.CSLabel",
              "colorB": 255,
              "colorG": 255,
              "colorR": 255,
              "customProperty": "",
              "flipX": false,
              "flipY": false,
              "height": 35,
              "ignoreSize": true,
              "layoutParameter": null,
              "opacity": 255,
              "positionPercentX": -0.454022974,
              "positionPercentY": 0.181818187,
              "positionType": 0,
              "rotation": 0,
              "scaleX": 1,
              "scaleY": 1,
              "sizePercentX": 0.149425283,
              "sizePercentY": 0.227272734,
              "sizeType": 0,
              "tag": 3539,
              "touchAble": false,
              "useMergedTexture": false,
              "visible": true,
              "width": 104,
              "x": -316,
              "y": 28,
              "areaHeight": 0,
              "areaWidth": 0,
              "fontFile": null,
              "fontName": "微软雅黑",
              "fontSize": 26,
              "hAlignment": 0,
              "text": "创建人：",
              "touchScaleEnable": false,
              "vAlignment": 0
            }
          },
          {
            "classname": "Label",
            "name": null,
            "children": [],
            "options": {
              "__type": "LabelSurrogate:#EditorCommon.JsonModel.Component.GUI",
              "classname": "Label",
              "name": "Label_cjsj",
              "ZOrder": 0,
              "actiontag": 53080177,
              "anchorPointX": 1.49011612E-08,
              "anchorPointY": 0.5,
              "classType": "CocoStudio.EngineAdapterWrap.CSLabel",
              "colorB": 255,
              "colorG": 255,
              "colorR": 255,
              "customProperty": "",
              "flipX": false,
              "flipY": false,
              "height": 35,
              "ignoreSize": true,
              "layoutParameter": null,
              "opacity": 255,
              "positionPercentX": -0.454022974,
              "positionPercentY": -0.220779225,
              "positionType": 0,
              "rotation": 0,
              "scaleX": 1,
              "scaleY": 1,
              "sizePercentX": 0.186781615,
              "sizePercentY": 0.227272734,
              "sizeType": 0,
              "tag": 3541,
              "touchAble": false,
              "useMergedTexture": false,
              "visible": true,
              "width": 130,
              "x": -316,
              "y": -34,
              "areaHeight": 0,
              "areaWidth": 0,
              "fontFile": null,
              "fontName": "微软雅黑",
              "fontSize": 26,
              "hAlignment": 0,
              "text": "创建时间：",
              "touchScaleEnable": false,
              "vAlignment": 0
            }
          },
          {
            "classname": "ImageView",
            "name": null,
            "children": [],
            "options": {
              "__type": "ImageViewSurrogate:#EditorCommon.JsonModel.Component.GUI",
              "classname": "ImageView",
              "name": "Image_creator_head",
              "ZOrder": 0,
              "actiontag": 56207302,
              "anchorPointX": 0.5,
              "anchorPointY": 0.5,
              "classType": "CocoStudio.EngineAdapterWrap.CSImageView",
              "colorB": 255,
              "colorG": 255,
              "colorR": 255,
              "customProperty": "",
              "flipX": false,
              "flipY": false,
              "height": 98,
              "ignoreSize": true,
              "layoutParameter": null,
              "opacity": 255,
              "positionPercentX": 0.149425283,
              "positionPercentY": 0.181818187,
              "positionType": 0,
              "rotation": 0,
              "scaleX": 0.6999999,
              "scaleY": 0.6999999,
              "sizePercentX": 0.1408046,
              "sizePercentY": 0.6363636,
              "sizeType": 1,
              "tag": 3531,
              "touchAble": false,
              "useMergedTexture": false,
              "visible": true,
              "width": 98,
              "x": 104,
              "y": 28,
              "capInsetsHeight": 1,
              "capInsetsWidth": 1,
              "capInsetsX": 0,
              "capInsetsY": 0,
              "fileName": null,
              "fileNameData": {
                "path": "Games/GLobby/res/common/img_person_head.png",
                "plistFile": "",
                "resourceType": 0
              },
              "scale9Enable": false,
              "scale9Height": 98,
              "scale9Width": 98
            }
          },
          {
            "classname": "Label",
            "name": null,
            "children": [],
            "options": {
              "__type": "LabelSurrogate:#EditorCommon.JsonModel.Component.GUI",
              "classname": "Label",
              "name": "Label_creator_name",
              "ZOrder": 0,
              "actiontag": 36103670,
              "anchorPointX": 1.49011612E-08,
              "anchorPointY": 0.5,
              "classType": "CocoStudio.EngineAdapterWrap.CSLabel",
              "colorB": 180,
              "colorG": 209,
              "colorR": 216,
              "customProperty": "",
              "flipX": false,
              "flipY": false,
              "height": 0,
              "ignoreSize": true,
              "layoutParameter": null,
              "opacity": 255,
              "positionPercentX": 0.25,
              "positionPercentY": 0.181818187,
              "positionType": 0,
              "rotation": 0,
              "scaleX": 1,
              "scaleY": 1,
              "sizePercentX": 1.43678162E-05,
              "sizePercentY": 6.493506E-05,
              "sizeType": 0,
              "tag": 3532,
              "touchAble": false,
              "useMergedTexture": false,
              "visible": true,
              "width": 0,
              "x": 174,
              "y": 28,
              "areaHeight": 0,
              "areaWidth": 0,
              "fontFile": null,
              "fontName": "微软雅黑",
              "fontSize": 24,
              "hAlignment": 0,
              "text": "",
              "touchScaleEnable": false,
              "vAlignment": 0
            }
          },
          {
            "classname": "Label",
            "name": null,
            "children": [],
            "options": {
              "__type": "LabelSurrogate:#EditorCommon.JsonModel.Component.GUI",
              "classname": "Label",
              "name": "Label_create_date",
              "ZOrder": 0,
              "actiontag": 38716142,
              "anchorPointX": 1.49011612E-08,
              "anchorPointY": 0.5,
              "classType": "CocoStudio.EngineAdapterWrap.CSLabel",
              "colorB": 180,
              "colorG": 209,
              "colorR": 216,
              "customProperty": "",
              "flipX": false,
              "flipY": false,
              "height": 0,
              "ignoreSize": true,
              "layoutParameter": null,
              "opacity": 255,
              "positionPercentX": 0.25,
              "positionPercentY": -0.220779225,
              "positionType": 0,
              "rotation": 0,
              "scaleX": 1,
              "scaleY": 1,
              "sizePercentX": 1.43678162E-05,
              "sizePercentY": 6.493506E-05,
              "sizeType": 0,
              "tag": 3534,
              "touchAble": false,
              "useMergedTexture": false,
              "visible": true,
              "width": 0,
              "x": 174,
              "y": -34,
              "areaHeight": 0,
              "areaWidth": 0,
              "fontFile": null,
              "fontName": "微软雅黑",
              "fontSize": 24,
              "hAlignment": 0,
              "text": "",
              "touchScaleEnable": false,
              "vAlignment": 0
            }
          }
        ],
        "options": {
          "__type": "ImageViewSurrogate:#EditorCommon.JsonModel.Component.GUI",
          "classname": "ImageView",
          "name": "Image_middle_create",
          "ZOrder": 0,
          "actiontag": 47634324,
          "anchorPointX": 0.5,
          "anchorPointY": 0.5,
          "classType": "CocoStudio.EngineAdapterWrap.CSImageView",
          "colorB": 255,
          "colorG": 255,
          "colorR": 255,
          "customProperty": "",
          "flipX": false,
          "flipY": false,
          "height": 154,
          "ignoreSize": false,
          "layoutParameter": null,
          "opacity": 255,
          "positionPercentX": 0.497222215,
          "positionPercentY": 0.5859375,
          "positionType": 0,
          "rotation": 0,
          "scaleX": 1,
          "scaleY": 1,
          "sizePercentX": 0.966666639,
          "sizePercentY": 0.1203125,
          "sizeType": 0,
          "tag": 3521,
          "touchAble": false,
          "useMergedTexture": false,
          "visible": true,
          "width": 696,
          "x": 358,
          "y": 750,
          "capInsetsHeight": 2,
          "capInsetsWidth": 2,
          "capInsetsX": 10,
          "capInsetsY": 10,
          "fileName": null,
          "fileNameData": {
            "path": "Games/GLobby/res/common/dibanBg.png",
            "plistFile": "",
            "resourceType": 0
          },
          "scale9Enable": true,
          "scale9Height": 154,
          "scale9Width": 696
        }
      },
      {
        "classname": "ImageView",
        "name": null,
        "children": [
          {
            "classname": "Button",
            "name": null,
            "children": [
              {
                "classname": "Label",
                "name": null,
                "children": [],
                "options": {
                  "__type": "LabelSurrogate:#EditorCommon.JsonModel.Component.GUI",
                  "classname": "Label",
                  "name": "Label_cygl",
                  "ZOrder": 0,
                  "actiontag": 32433157,
                  "anchorPointX": 0.5,
                  "anchorPointY": 0.5,
                  "classType": "CocoStudio.EngineAdapterWrap.CSLabel",
                  "colorB": 255,
                  "colorG": 255,
                  "colorR": 255,
                  "customProperty": "",
                  "flipX": false,
                  "flipY": false,
                  "height": 35,
                  "ignoreSize": true,
                  "layoutParameter": null,
                  "opacity": 255,
                  "positionPercentX": -0.37356323,
                  "positionPercentY": 0,
                  "positionType": 0,
                  "rotation": 0,
                  "scaleX": 1,
                  "scaleY": 1,
                  "sizePercentX": 0.149425283,
                  "sizePercentY": 0.426829278,
                  "sizeType": 0,
                  "tag": 3548,
                  "touchAble": false,
                  "useMergedTexture": false,
                  "visible": true,
                  "width": 104,
                  "x": -260,
                  "y": 0,
                  "areaHeight": 0,
                  "areaWidth": 0,
                  "fontFile": null,
                  "fontName": "微软雅黑",
                  "fontSize": 26,
                  "hAlignment": 0,
                  "text": "成员管理",
                  "touchScaleEnable": false,
                  "vAlignment": 0
                }
              },
              {
                "classname": "Label",
                "name": null,
                "children": [],
                "options": {
                  "__type": "LabelSurrogate:#EditorCommon.JsonModel.Component.GUI",
                  "classname": "Label",
                  "name": "Label_you",
                  "ZOrder": 0,
                  "actiontag": 12411037,
                  "anchorPointX": 0.5,
                  "anchorPointY": 0.5,
                  "classType": "CocoStudio.EngineAdapterWrap.CSLabel",
                  "colorB": 255,
                  "colorG": 255,
                  "colorR": 255,
                  "customProperty": "",
                  "flipX": false,
                  "flipY": false,
                  "height": 59,
                  "ignoreSize": true,
                  "layoutParameter": null,
                  "opacity": 255,
                  "positionPercentX": 0.431034476,
                  "positionPercentY": 0,
                  "positionType": 0,
                  "rotation": 0,
                  "scaleX": 1,
                  "scaleY": 1,
                  "sizePercentX": 0.0488505736,
                  "sizePercentY": 0.7195122,
                  "sizeType": 0,
                  "tag": 3550,
                  "touchAble": false,
                  "useMergedTexture": false,
                  "visible": true,
                  "width": 34,
                  "x": 300,
                  "y": 0,
                  "areaHeight": 0,
                  "areaWidth": 0,
                  "fontFile": null,
                  "fontName": "微软雅黑",
                  "fontSize": 46,
                  "hAlignment": 0,
                  "text": ">",
                  "touchScaleEnable": false,
                  "vAlignment": 0
                }
              }
            ],
            "options": {
              "__type": "ButtonSurrogate:#EditorCommon.JsonModel.Component.GUI",
              "classname": "Button",
              "name": "Button_member_manage",
              "ZOrder": 0,
              "actiontag": 27194634,
              "anchorPointX": 0.5,
              "anchorPointY": 0.5,
              "classType": "CocoStudio.EngineAdapterWrap.CSButton",
              "colorB": 255,
              "colorG": 255,
              "colorR": 255,
              "customProperty": "",
              "flipX": false,
              "flipY": false,
              "height": 82,
              "ignoreSize": false,
              "layoutParameter": null,
              "opacity": 255,
              "positionPercentX": 0,
              "positionPercentY": 0.4050926,
              "positionType": 0,
              "rotation": 0,
              "scaleX": 1,
              "scaleY": 1,
              "sizePercentX": 1,
              "sizePercentY": 0.189814821,
              "sizeType": 0,
              "tag": 688,
              "touchAble": true,
              "useMergedTexture": false,
              "visible": true,
              "width": 696,
              "x": 0,
              "y": 175,
              "capInsetsHeight": 2,
              "capInsetsWidth": 2,
              "capInsetsX": 10,
              "capInsetsY": 10,
              "disabled": null,
              "disabledData": {
                "path": null,
                "plistFile": null,
                "resourceType": 0
              },
              "fontName": "微软雅黑",
              "fontSize": 14,
              "fontType": 0,
              "normal": null,
              "normalData": {
                "path": "Games/GLobby/res/common/dibanBg.png",
                "plistFile": "",
                "resourceType": 0
              },
              "pressed": null,
              "pressedData": {
                "path": "Games/GLobby/res/common/dibanBg.png",
                "plistFile": "",
                "resourceType": 0
              },
              "scale9Enable": true,
              "scale9Height": 82,
              "scale9Width": 696,
              "text": "",
              "textColorB": 255,
              "textColorG": 255,
              "textColorR": 255
            }
          },
          {
            "classname": "ImageView",
            "name": null,
            "children": [],
            "options": {
              "__type": "ImageViewSurrogate:#EditorCommon.JsonModel.Component.GUI",
              "classname": "ImageView",
              "name": "Image_seg0",
              "ZOrder": 0,
              "actiontag": 59162611,
              "anchorPointX": 0.5,
              "anchorPointY": 0.5,
              "classType": "CocoStudio.EngineAdapterWrap.CSImageView",
              "colorB": 255,
              "colorG": 255,
              "colorR": 255,
              "customProperty": "",
              "flipX": false,
              "flipY": false,
              "height": 2,
              "ignoreSize": false,
              "layoutParameter": null,
              "opacity": 255,
              "positionPercentX": 0,
              "positionPercentY": 0.303240746,
              "positionType": 0,
              "rotation": 0,
              "scaleX": 1,
              "scaleY": 1,
              "sizePercentX": 1,
              "sizePercentY": 0.00462962966,
              "sizeType": 0,
              "tag": 3543,
              "touchAble": false,
              "useMergedTexture": false,
              "visible": true,
              "width": 696,
              "x": 0,
              "y": 131,
              "capInsetsHeight": 1,
              "capInsetsWidth": 1,
              "capInsetsX": 1,
              "capInsetsY": 1,
              "fileName": null,
              "fileNameData": {
                "path": "Games/GLobby/res/common/commonLine.png",
                "plistFile": "",
                "resourceType": 0
              },
              "scale9Enable": true,
              "scale9Height": 2,
              "scale9Width": 696
            }
          },
          {
            "classname": "Button",
            "name": null,
            "children": [
              {
                "classname": "Label",
                "name": null,
                "children": [],
                "options": {
                  "__type": "LabelSurrogate:#EditorCommon.JsonModel.Component.GUI",
                  "classname": "Label",
                  "name": "Label_ykbb",
                  "ZOrder": 0,
                  "actiontag": 5017459,
                  "anchorPointX": 0.5,
                  "anchorPointY": 0.5,
                  "classType": "CocoStudio.EngineAdapterWrap.CSLabel",
                  "colorB": 255,
                  "colorG": 255,
                  "colorR": 255,
                  "customProperty": "",
                  "flipX": false,
                  "flipY": false,
                  "height": 35,
                  "ignoreSize": true,
                  "layoutParameter": null,
                  "opacity": 255,
                  "positionPercentX": -0.37356323,
                  "positionPercentY": 0,
                  "positionType": 0,
                  "rotation": 0,
                  "scaleX": 1,
                  "scaleY": 1,
                  "sizePercentX": 0.149425283,
                  "sizePercentY": 0.426829278,
                  "sizeType": 0,
                  "tag": 5029,
                  "touchAble": false,
                  "useMergedTexture": false,
                  "visible": true,
                  "width": 104,
                  "x": -260,
                  "y": 0,
                  "areaHeight": 0,
                  "areaWidth": 0,
                  "fontFile": null,
                  "fontName": "微软雅黑",
                  "fontSize": 26,
                  "hAlignment": 0,
                  "text": "盈亏报表",
                  "touchScaleEnable": false,
                  "vAlignment": 0
                }
              },
              {
                "classname": "Label",
                "name": null,
                "children": [],
                "options": {
                  "__type": "LabelSurrogate:#EditorCommon.JsonModel.Component.GUI",
                  "classname": "Label",
                  "name": "Label_you",
                  "ZOrder": 0,
                  "actiontag": 45157132,
                  "anchorPointX": 0.5,
                  "anchorPointY": 0.5,
                  "classType": "CocoStudio.EngineAdapterWrap.CSLabel",
                  "colorB": 255,
                  "colorG": 255,
                  "colorR": 255,
                  "customProperty": "",
                  "flipX": false,
                  "flipY": false,
                  "height": 59,
                  "ignoreSize": true,
                  "layoutParameter": null,
                  "opacity": 255,
                  "positionPercentX": 0.431034476,
                  "positionPercentY": 0,
                  "positionType": 0,
                  "rotation": 0,
                  "scaleX": 1,
                  "scaleY": 1,
                  "sizePercentX": 0.0488505736,
                  "sizePercentY": 0.7195122,
                  "sizeType": 0,
                  "tag": 5030,
                  "touchAble": false,
                  "useMergedTexture": false,
                  "visible": true,
                  "width": 34,
                  "x": 300,
                  "y": 0,
                  "areaHeight": 0,
                  "areaWidth": 0,
                  "fontFile": null,
                  "fontName": "微软雅黑",
                  "fontSize": 46,
                  "hAlignment": 0,
                  "text": ">",
                  "touchScaleEnable": false,
                  "vAlignment": 0
                }
              }
            ],
            "options": {
              "__type": "ButtonSurrogate:#EditorCommon.JsonModel.Component.GUI",
              "classname": "Button",
              "name": "Button_profit_report",
              "ZOrder": 0,
              "actiontag": 8014035,
              "anchorPointX": 0.5,
              "anchorPointY": 0.5,
              "classType": "CocoStudio.EngineAdapterWrap.CSButton",
              "colorB": 255,
              "colorG": 255,
              "colorR": 255,
              "customProperty": "",
              "flipX": false,
              "flipY": false,
              "height": 82,
              "ignoreSize": false,
              "layoutParameter": null,
              "opacity": 255,
              "positionPercentX": -1.01500652E-09,
              "positionPercentY": 0.2013889,
              "positionType": 0,
              "rotation": 0,
              "scaleX": 1,
              "scaleY": 1,
              "sizePercentX": 1,
              "sizePercentY": 0.189814821,
              "sizeType": 0,
              "tag": 5028,
              "touchAble": true,
              "useMergedTexture": false,
              "visible": true,
              "width": 696,
              "x": 0,
              "y": 87,
              "capInsetsHeight": 2,
              "capInsetsWidth": 2,
              "capInsetsX": 10,
              "capInsetsY": 10,
              "disabled": null,
              "disabledData": {
                "path": null,
                "plistFile": null,
                "resourceType": 0
              },
              "fontName": "微软雅黑",
              "fontSize": 14,
              "fontType": 0,
              "normal": null,
              "normalData": {
                "path": "Games/GLobby/res/common/dibanBg.png",
                "plistFile": "",
                "resourceType": 0
              },
              "pressed": null,
              "pressedData": {
                "path": "Games/GLobby/res/common/dibanBg.png",
                "plistFile": "",
                "resourceType": 0
              },
              "scale9Enable": true,
              "scale9Height": 82,
              "scale9Width": 696,
              "text": "",
              "textColorB": 255,
              "textColorG": 255,
              "textColorR": 255
            }
          },
          {
            "classname": "ImageView",
            "name": null,
            "children": [],
            "options": {
              "__type": "ImageViewSurrogate:#EditorCommon.JsonModel.Component.GUI",
              "classname": "ImageView",
              "name": "Image_seg1",
              "ZOrder": 0,
              "actiontag": 14943182,
              "anchorPointX": 0.5,
              "anchorPointY": 0.5,
              "classType": "CocoStudio.EngineAdapterWrap.CSImageView",
              "colorB": 255,
              "colorG": 255,
              "colorR": 255,
              "customProperty": "",
              "flipX": false,
              "flipY": false,
              "height": 2,
              "ignoreSize": false,
              "layoutParameter": null,
              "opacity": 255,
              "positionPercentX": -1.01500652E-09,
              "positionPercentY": 0.09953704,
              "positionType": 0,
              "rotation": 0,
              "scaleX": 1,
              "scaleY": 1,
              "sizePercentX": 1,
              "sizePercentY": 0.00462962966,
              "sizeType": 0,
              "tag": 5032,
              "touchAble": false,
              "useMergedTexture": false,
              "visible": true,
              "width": 696,
              "x": 0,
              "y": 43,
              "capInsetsHeight": 1,
              "capInsetsWidth": 1,
              "capInsetsX": 1,
              "capInsetsY": 1,
              "fileName": null,
              "fileNameData": {
                "path": "Games/GLobby/res/common/commonLine.png",
                "plistFile": "",
                "resourceType": 0
              },
              "scale9Enable": true,
              "scale9Height": 2,
              "scale9Width": 696
            }
          },
          {
            "classname": "Button",
            "name": null,
            "children": [
              {
                "classname": "Label",
                "name": null,
                "children": [],
                "options": {
                  "__type": "LabelSurrogate:#EditorCommon.JsonModel.Component.GUI",
                  "classname": "Label",
                  "name": "Label_xxqf",
                  "ZOrder": 0,
                  "actiontag": 37922638,
                  "anchorPointX": 0.5,
                  "anchorPointY": 0.5,
                  "classType": "CocoStudio.EngineAdapterWrap.CSLabel",
                  "colorB": 255,
                  "colorG": 255,
                  "colorR": 255,
                  "customProperty": "",
                  "flipX": false,
                  "flipY": false,
                  "height": 35,
                  "ignoreSize": true,
                  "layoutParameter": null,
                  "opacity": 255,
                  "positionPercentX": -0.37356323,
                  "positionPercentY": 0,
                  "positionType": 0,
                  "rotation": 0,
                  "scaleX": 1,
                  "scaleY": 1,
                  "sizePercentX": 0.149425283,
                  "sizePercentY": 0.426829278,
                  "sizeType": 0,
                  "tag": 3552,
                  "touchAble": false,
                  "useMergedTexture": false,
                  "visible": true,
                  "width": 104,
                  "x": -260,
                  "y": 0,
                  "areaHeight": 0,
                  "areaWidth": 0,
                  "fontFile": null,
                  "fontName": "微软雅黑",
                  "fontSize": 26,
                  "hAlignment": 0,
                  "text": "消息群发",
                  "touchScaleEnable": false,
                  "vAlignment": 0
                }
              },
              {
                "classname": "Label",
                "name": null,
                "children": [],
                "options": {
                  "__type": "LabelSurrogate:#EditorCommon.JsonModel.Component.GUI",
                  "classname": "Label",
                  "name": "Label_you_1",
                  "ZOrder": 0,
                  "actiontag": 51043748,
                  "anchorPointX": 0.5,
                  "anchorPointY": 0.5,
                  "classType": "CocoStudio.EngineAdapterWrap.CSLabel",
                  "colorB": 255,
                  "colorG": 255,
                  "colorR": 255,
                  "customProperty": "",
                  "flipX": false,
                  "flipY": false,
                  "height": 59,
                  "ignoreSize": true,
                  "layoutParameter": null,
                  "opacity": 255,
                  "positionPercentX": 0.431034476,
                  "positionPercentY": 0,
                  "positionType": 0,
                  "rotation": 0,
                  "scaleX": 1,
                  "scaleY": 1,
                  "sizePercentX": 0.0488505736,
                  "sizePercentY": 0.7195122,
                  "sizeType": 0,
                  "tag": 3554,
                  "touchAble": false,
                  "useMergedTexture": false,
                  "visible": true,
                  "width": 34,
                  "x": 300,
                  "y": 0,
                  "areaHeight": 0,
                  "areaWidth": 0,
                  "fontFile": null,
                  "fontName": "微软雅黑",
                  "fontSize": 46,
                  "hAlignment": 0,
                  "text": ">",
                  "touchScaleEnable": false,
                  "vAlignment": 0
                }
              }
            ],
            "options": {
              "__type": "ButtonSurrogate:#EditorCommon.JsonModel.Component.GUI",
              "classname": "Button",
              "name": "Button_msg_group",
              "ZOrder": 0,
              "actiontag": 19891428,
              "anchorPointX": 0.5,
              "anchorPointY": 0.5,
              "classType": "CocoStudio.EngineAdapterWrap.CSButton",
              "colorB": 255,
              "colorG": 255,
              "colorR": 255,
              "customProperty": "",
              "flipX": false,
              "flipY": false,
              "height": 82,
              "ignoreSize": false,
              "layoutParameter": null,
              "opacity": 255,
              "positionPercentX": 0,
              "positionPercentY": -0.0003858054,
              "positionType": 0,
              "rotation": 0,
              "scaleX": 1,
              "scaleY": 1,
              "sizePercentX": 1,
              "sizePercentY": 0.189814821,
              "sizeType": 0,
              "tag": 690,
              "touchAble": true,
              "useMergedTexture": false,
              "visible": true,
              "width": 696,
              "x": 0,
              "y": 0,
              "capInsetsHeight": 2,
              "capInsetsWidth": 2,
              "capInsetsX": 10,
              "capInsetsY": 10,
              "disabled": null,
              "disabledData": {
                "path": null,
                "plistFile": null,
                "resourceType": 0
              },
              "fontName": "微软雅黑",
              "fontSize": 14,
              "fontType": 0,
              "normal": null,
              "normalData": {
                "path": "Games/GLobby/res/common/dibanBg.png",
                "plistFile": "",
                "resourceType": 0
              },
              "pressed": null,
              "pressedData": {
                "path": "Games/GLobby/res/common/dibanBg.png",
                "plistFile": "",
                "resourceType": 0
              },
              "scale9Enable": true,
              "scale9Height": 82,
              "scale9Width": 696,
              "text": "",
              "textColorB": 255,
              "textColorG": 255,
              "textColorR": 255
            }
          },
          {
            "classname": "ImageView",
            "name": null,
            "children": [],
            "options": {
              "__type": "ImageViewSurrogate:#EditorCommon.JsonModel.Component.GUI",
              "classname": "ImageView",
              "name": "Image_seg2",
              "ZOrder": 0,
              "actiontag": 38246349,
              "anchorPointX": 0.5,
              "anchorPointY": 0.5,
              "classType": "CocoStudio.EngineAdapterWrap.CSImageView",
              "colorB": 255,
              "colorG": 255,
              "colorR": 255,
              "customProperty": "",
              "flipX": false,
              "flipY": false,
              "height": 2,
              "ignoreSize": false,
              "layoutParameter": null,
              "opacity": 255,
              "positionPercentX": 0,
              "positionPercentY": -0.101851851,
              "positionType": 0,
              "rotation": 0,
              "scaleX": 1,
              "scaleY": 1,
              "sizePercentX": 1,
              "sizePercentY": 0.00462962966,
              "sizeType": 0,
              "tag": 3545,
              "touchAble": false,
              "useMergedTexture": false,
              "visible": true,
              "width": 696,
              "x": 0,
              "y": -44,
              "capInsetsHeight": 1,
              "capInsetsWidth": 1,
              "capInsetsX": 1,
              "capInsetsY": 1,
              "fileName": null,
              "fileNameData": {
                "path": "Games/GLobby/res/common/commonLine.png",
                "plistFile": "",
                "resourceType": 0
              },
              "scale9Enable": true,
              "scale9Height": 2,
              "scale9Width": 696
            }
          },
          {
            "classname": "Button",
            "name": null,
            "children": [
              {
                "classname": "Label",
                "name": null,
                "children": [],
                "options": {
                  "__type": "LabelSurrogate:#EditorCommon.JsonModel.Component.GUI",
                  "classname": "Label",
                  "name": "Label_qk",
                  "ZOrder": 0,
                  "actiontag": 63542917,
                  "anchorPointX": 0.5,
                  "anchorPointY": 0.5,
                  "classType": "CocoStudio.EngineAdapterWrap.CSLabel",
                  "colorB": 255,
                  "colorG": 255,
                  "colorR": 255,
                  "customProperty": "",
                  "flipX": false,
                  "flipY": false,
                  "height": 35,
                  "ignoreSize": true,
                  "layoutParameter": null,
                  "opacity": 255,
                  "positionPercentX": -0.337643683,
                  "positionPercentY": 0,
                  "positionType": 0,
                  "rotation": 0,
                  "scaleX": 1,
                  "scaleY": 1,
                  "sizePercentX": 0.224137932,
                  "sizePercentY": 0.426829278,
                  "sizeType": 0,
                  "tag": 3557,
                  "touchAble": false,
                  "useMergedTexture": false,
                  "visible": true,
                  "width": 156,
                  "x": -235,
                  "y": 0,
                  "areaHeight": 0,
                  "areaWidth": 0,
                  "fontFile": null,
                  "fontName": "微软雅黑",
                  "fontSize": 26,
                  "hAlignment": 0,
                  "text": "清空聊天记录",
                  "touchScaleEnable": false,
                  "vAlignment": 0
                }
              },
              {
                "classname": "Label",
                "name": null,
                "children": [],
                "options": {
                  "__type": "LabelSurrogate:#EditorCommon.JsonModel.Component.GUI",
                  "classname": "Label",
                  "name": "Label_you_2",
                  "ZOrder": 0,
                  "actiontag": 46609340,
                  "anchorPointX": 0.5,
                  "anchorPointY": 0.5,
                  "classType": "CocoStudio.EngineAdapterWrap.CSLabel",
                  "colorB": 255,
                  "colorG": 255,
                  "colorR": 255,
                  "customProperty": "",
                  "flipX": false,
                  "flipY": false,
                  "height": 59,
                  "ignoreSize": true,
                  "layoutParameter": null,
                  "opacity": 255,
                  "positionPercentX": 0.431034476,
                  "positionPercentY": 0,
                  "positionType": 0,
                  "rotation": 0,
                  "scaleX": 1,
                  "scaleY": 1,
                  "sizePercentX": 0.0488505736,
                  "sizePercentY": 0.7195122,
                  "sizeType": 0,
                  "tag": 3559,
                  "touchAble": false,
                  "useMergedTexture": false,
                  "visible": true,
                  "width": 34,
                  "x": 300,
                  "y": 0,
                  "areaHeight": 0,
                  "areaWidth": 0,
                  "fontFile": null,
                  "fontName": "微软雅黑",
                  "fontSize": 46,
                  "hAlignment": 0,
                  "text": ">",
                  "touchScaleEnable": false,
                  "vAlignment": 0
                }
              }
            ],
            "options": {
              "__type": "ButtonSurrogate:#EditorCommon.JsonModel.Component.GUI",
              "classname": "Button",
              "name": "Button_empty_msgRrd",
              "ZOrder": 0,
              "actiontag": 5338943,
              "anchorPointX": 0.5,
              "anchorPointY": 0.5,
              "classType": "CocoStudio.EngineAdapterWrap.CSButton",
              "colorB": 255,
              "colorG": 255,
              "colorR": 255,
              "customProperty": "",
              "flipX": false,
              "flipY": false,
              "height": 82,
              "ignoreSize": false,
              "layoutParameter": null,
              "opacity": 255,
              "positionPercentX": 0,
              "positionPercentY": -0.2013889,
              "positionType": 0,
              "rotation": 0,
              "scaleX": 1,
              "scaleY": 1,
              "sizePercentX": 1,
              "sizePercentY": 0.189814821,
              "sizeType": 0,
              "tag": 692,
              "touchAble": true,
              "useMergedTexture": false,
              "visible": true,
              "width": 696,
              "x": 0,
              "y": -87,
              "capInsetsHeight": 2,
              "capInsetsWidth": 2,
              "capInsetsX": 10,
              "capInsetsY": 10,
              "disabled": null,
              "disabledData": {
                "path": null,
                "plistFile": null,
                "resourceType": 0
              },
              "fontName": "微软雅黑",
              "fontSize": 14,
              "fontType": 0,
              "normal": null,
              "normalData": {
                "path": "Games/GLobby/res/common/dibanBg.png",
                "plistFile": "",
                "resourceType": 0
              },
              "pressed": null,
              "pressedData": {
                "path": "Games/GLobby/res/common/dibanBg.png",
                "plistFile": "",
                "resourceType": 0
              },
              "scale9Enable": true,
              "scale9Height": 82,
              "scale9Width": 696,
              "text": "",
              "textColorB": 255,
              "textColorG": 255,
              "textColorR": 255
            }
          },
          {
            "classname": "ImageView",
            "name": null,
            "children": [],
            "options": {
              "__type": "ImageViewSurrogate:#EditorCommon.JsonModel.Component.GUI",
              "classname": "ImageView",
              "name": "Image_seg3",
              "ZOrder": 0,
              "actiontag": 36972074,
              "anchorPointX": 0.5,
              "anchorPointY": 0.5,
              "classType": "CocoStudio.EngineAdapterWrap.CSImageView",
              "colorB": 255,
              "colorG": 255,
              "colorR": 255,
              "customProperty": "",
              "flipX": false,
              "flipY": false,
              "height": 2,
              "ignoreSize": false,
              "layoutParameter": null,
              "opacity": 255,
              "positionPercentX": 0,
              "positionPercentY": -0.303240746,
              "positionType": 0,
              "rotation": 0,
              "scaleX": 1,
              "scaleY": 1,
              "sizePercentX": 1,
              "sizePercentY": 0.00462962966,
              "sizeType": 0,
              "tag": 3547,
              "touchAble": false,
              "useMergedTexture": false,
              "visible": true,
              "width": 696,
              "x": 0,
              "y": -131,
              "capInsetsHeight": 1,
              "capInsetsWidth": 1,
              "capInsetsX": 1,
              "capInsetsY": 1,
              "fileName": null,
              "fileNameData": {
                "path": "Games/GLobby/res/common/commonLine.png",
                "plistFile": "",
                "resourceType": 0
              },
              "scale9Enable": true,
              "scale9Height": 2,
              "scale9Width": 696
            }
          },
          {
            "classname": "Button",
            "name": null,
            "children": [
              {
                "classname": "Label",
                "name": null,
                "children": [],
                "options": {
                  "__type": "LabelSurrogate:#EditorCommon.JsonModel.Component.GUI",
                  "classname": "Label",
                  "name": "Label_pt",
                  "ZOrder": 0,
                  "actiontag": 211290,
                  "anchorPointX": 0.5,
                  "anchorPointY": 0.5,
                  "classType": "CocoStudio.EngineAdapterWrap.CSLabel",
                  "colorB": 255,
                  "colorG": 255,
                  "colorR": 255,
                  "customProperty": "",
                  "flipX": false,
                  "flipY": false,
                  "height": 35,
                  "ignoreSize": true,
                  "layoutParameter": null,
                  "opacity": 255,
                  "positionPercentX": -0.337643683,
                  "positionPercentY": 0,
                  "positionType": 0,
                  "rotation": 0,
                  "scaleX": 1,
                  "scaleY": 1,
                  "sizePercentX": 0.224137932,
                  "sizePercentY": 0.426829278,
                  "sizeType": 0,
                  "tag": 3562,
                  "touchAble": false,
                  "useMergedTexture": false,
                  "visible": true,
                  "width": 156,
                  "x": -235,
                  "y": 0,
                  "areaHeight": 0,
                  "areaWidth": 0,
                  "fontFile": null,
                  "fontName": "微软雅黑",
                  "fontSize": 26,
                  "hAlignment": 0,
                  "text": "炮台赠送记录",
                  "touchScaleEnable": false,
                  "vAlignment": 0
                }
              },
              {
                "classname": "Label",
                "name": null,
                "children": [],
                "options": {
                  "__type": "LabelSurrogate:#EditorCommon.JsonModel.Component.GUI",
                  "classname": "Label",
                  "name": "Label_you_3",
                  "ZOrder": 0,
                  "actiontag": 18388641,
                  "anchorPointX": 0.5,
                  "anchorPointY": 0.5,
                  "classType": "CocoStudio.EngineAdapterWrap.CSLabel",
                  "colorB": 255,
                  "colorG": 255,
                  "colorR": 255,
                  "customProperty": "",
                  "flipX": false,
                  "flipY": false,
                  "height": 59,
                  "ignoreSize": true,
                  "layoutParameter": null,
                  "opacity": 255,
                  "positionPercentX": 0.431034476,
                  "positionPercentY": 0,
                  "positionType": 0,
                  "rotation": 0,
                  "scaleX": 1,
                  "scaleY": 1,
                  "sizePercentX": 0.0488505736,
                  "sizePercentY": 0.7195122,
                  "sizeType": 0,
                  "tag": 3563,
                  "touchAble": false,
                  "useMergedTexture": false,
                  "visible": true,
                  "width": 34,
                  "x": 300,
                  "y": 0,
                  "areaHeight": 0,
                  "areaWidth": 0,
                  "fontFile": null,
                  "fontName": "微软雅黑",
                  "fontSize": 46,
                  "hAlignment": 0,
                  "text": ">",
                  "touchScaleEnable": false,
                  "vAlignment": 0
                }
              }
            ],
            "options": {
              "__type": "ButtonSurrogate:#EditorCommon.JsonModel.Component.GUI",
              "classname": "Button",
              "name": "Button_battery_giveRrd",
              "ZOrder": 0,
              "actiontag": 52202356,
              "anchorPointX": 0.5,
              "anchorPointY": 0.5,
              "classType": "CocoStudio.EngineAdapterWrap.CSButton",
              "colorB": 255,
              "colorG": 255,
              "colorR": 255,
              "customProperty": "",
              "flipX": false,
              "flipY": false,
              "height": 82,
              "ignoreSize": false,
              "layoutParameter": null,
              "opacity": 255,
              "positionPercentX": 0.0014367816,
              "positionPercentY": -0.4027778,
              "positionType": 0,
              "rotation": 0,
              "scaleX": 1,
              "scaleY": 1,
              "sizePercentX": 1,
              "sizePercentY": 0.189814821,
              "sizeType": 0,
              "tag": 699,
              "touchAble": true,
              "useMergedTexture": false,
              "visible": true,
              "width": 696,
              "x": 1,
              "y": -174,
              "capInsetsHeight": 2,
              "capInsetsWidth": 2,
              "capInsetsX": 10,
              "capInsetsY": 10,
              "disabled": null,
              "disabledData": {
                "path": null,
                "plistFile": null,
                "resourceType": 0
              },
              "fontName": "微软雅黑",
              "fontSize": 14,
              "fontType": 0,
              "normal": null,
              "normalData": {
                "path": "Games/GLobby/res/common/dibanBg.png",
                "plistFile": "",
                "resourceType": 0
              },
              "pressed": null,
              "pressedData": {
                "path": "Games/GLobby/res/common/dibanBg.png",
                "plistFile": "",
                "resourceType": 0
              },
              "scale9Enable": true,
              "scale9Height": 82,
              "scale9Width": 696,
              "text": "",
              "textColorB": 255,
              "textColorG": 255,
              "textColorR": 255
            }
          }
        ],
        "options": {
          "__type": "ImageViewSurrogate:#EditorCommon.JsonModel.Component.GUI",
          "classname": "ImageView",
          "name": "Image_bottom",
          "ZOrder": 0,
          "actiontag": 36473394,
          "anchorPointX": 0.5,
          "anchorPointY": 0.5,
          "classType": "CocoStudio.EngineAdapterWrap.CSImageView",
          "colorB": 255,
          "colorG": 255,
          "colorR": 255,
          "customProperty": "",
          "flipX": false,
          "flipY": false,
          "height": 432,
          "ignoreSize": false,
          "layoutParameter": null,
          "opacity": 255,
          "positionPercentX": 0.497222215,
          "positionPercentY": 0.3484375,
          "positionType": 0,
          "rotation": 0,
          "scaleX": 1,
          "scaleY": 1,
          "sizePercentX": 0.966666639,
          "sizePercentY": 0.3375,
          "sizeType": 0,
          "tag": 650,
          "touchAble": false,
          "useMergedTexture": false,
          "visible": true,
          "width": 696,
          "x": 358,
          "y": 446,
          "capInsetsHeight": 2,
          "capInsetsWidth": 2,
          "capInsetsX": 10,
          "capInsetsY": 10,
          "fileName": null,
          "fileNameData": {
            "path": "Games/GLobby/res/common/dibanBg.png",
            "plistFile": "",
            "resourceType": 0
          },
          "scale9Enable": true,
          "scale9Height": 432,
          "scale9Width": 696
        }
      },
      {
        "classname": "ImageView",
        "name": null,
        "children": [],
        "options": {
          "__type": "ImageViewSurrogate:#EditorCommon.JsonModel.Component.GUI",
          "classname": "ImageView",
          "name": "Image_dismiss_club",
          "ZOrder": 0,
          "actiontag": 9717221,
          "anchorPointX": 0.5,
          "anchorPointY": 0.5,
          "classType": "CocoStudio.EngineAdapterWrap.CSImageView",
          "colorB": 255,
          "colorG": 255,
          "colorR": 255,
          "customProperty": "",
          "flipX": false,
          "flipY": false,
          "height": 86,
          "ignoreSize": true,
          "layoutParameter": null,
          "opacity": 255,
          "positionPercentX": 0.5,
          "positionPercentY": 0.13125,
          "positionType": 0,
          "rotation": 0,
          "scaleX": 1,
          "scaleY": 1,
          "sizePercentX": 0.504166663,
          "sizePercentY": 0.0671875,
          "sizeType": 0,
          "tag": 687,
          "touchAble": false,
          "useMergedTexture": false,
          "visible": false,
          "width": 363,
          "x": 360,
          "y": 168,
          "capInsetsHeight": 1,
          "capInsetsWidth": 1,
          "capInsetsX": 0,
          "capInsetsY": 0,
          "fileName": null,
          "fileNameData": {
            "path": "Games/GLobby/res/club/button_jsjlb.png",
            "plistFile": "",
            "resourceType": 0
          },
          "scale9Enable": false,
          "scale9Height": 86,
          "scale9Width": 363
        }
      },
      {
        "classname": "ImageView",
        "name": null,
        "children": [],
        "options": {
          "__type": "ImageViewSurrogate:#EditorCommon.JsonModel.Component.GUI",
          "classname": "ImageView",
          "name": "Image_quit_club",
          "ZOrder": 0,
          "actiontag": 60374721,
          "anchorPointX": 0.5,
          "anchorPointY": 0.5,
          "classType": "CocoStudio.EngineAdapterWrap.CSImageView",
          "colorB": 255,
          "colorG": 255,
          "colorR": 255,
          "customProperty": "",
          "flipX": false,
          "flipY": false,
          "height": 86,
          "ignoreSize": true,
          "layoutParameter": null,
          "opacity": 255,
          "positionPercentX": 0.5,
          "positionPercentY": 0.13125,
          "positionType": 0,
          "rotation": 0,
          "scaleX": 1,
          "scaleY": 1,
          "sizePercentX": 0.504166663,
          "sizePercentY": 0.0671875,
          "sizeType": 0,
          "tag": 2950,
          "touchAble": false,
          "useMergedTexture": false,
          "visible": false,
          "width": 363,
          "x": 360,
          "y": 168,
          "capInsetsHeight": 1,
          "capInsetsWidth": 1,
          "capInsetsX": 0,
          "capInsetsY": 0,
          "fileName": null,
          "fileNameData": {
            "path": "Games/GLobby/res/club/button_tcyc.png",
            "plistFile": "",
            "resourceType": 0
          },
          "scale9Enable": false,
          "scale9Height": 86,
          "scale9Width": 363
        }
      }
    ],
    "options": {
      "__type": "PanelSurrogate:#EditorCommon.JsonModel.Component.GUI",
      "classname": "Panel",
      "name": "Panel_club_manage",
      "ZOrder": 0,
      "actiontag": -1,
      "anchorPointX": 0,
      "anchorPointY": 0,
      "classType": "CocoStudio.EngineAdapterWrap.CSPanel",
      "colorB": 255,
      "colorG": 255,
      "colorR": 255,
      "customProperty": "",
      "flipX": false,
      "flipY": false,
      "height": 1280,
      "ignoreSize": false,
      "layoutParameter": null,
      "opacity": 255,
      "positionPercentX": 0,
      "positionPercentY": 0,
      "positionType": 0,
      "rotation": 0,
      "scaleX": 1,
      "scaleY": 1,
      "sizePercentX": 1,
      "sizePercentY": 1,
      "sizeType": 0,
      "tag": 648,
      "touchAble": true,
      "useMergedTexture": false,
      "visible": true,
      "width": 720,
      "x": 0,
      "y": 0,
      "adaptScreen": false,
      "backGroundImage": null,
      "backGroundImageData": null,
      "backGroundScale9Enable": false,
      "bgColorB": 255,
      "bgColorG": 200,
      "bgColorOpacity": 0,
      "bgColorR": 150,
      "bgEndColorB": 255,
      "bgEndColorG": 200,
      "bgEndColorR": 150,
      "bgStartColorB": 255,
      "bgStartColorG": 255,
      "bgStartColorR": 255,
      "capInsetsHeight": 1,
      "capInsetsWidth": 1,
      "capInsetsX": 0,
      "capInsetsY": 0,
      "clipAble": false,
      "colorType": 1,
      "layoutType": 0,
      "vectorX": 0,
      "vectorY": -0.5
    }
  }
}