{
  "classname": null,
  "name": null,
  "animation": {
    "classname": null,
    "name": "AnimationManager",
    "actionlist": []
  },
  "dataScale": 1,
  "designHeight": 1280,
  "designWidth": 720,
  "textures": [],
  "texturesPng": [
    "Editor/res/button.png",
    "Editor/res/Map_0.jpg",
    "Editor/res/button.png",
    "Editor/res/Map_0.jpg",
    "Games/GDntg/res/game/lock/lock_lockBtn01.png",
    "Games/GDntg/res/game/lock/lock_lockBtn02.png",
    "Games/GDntg/res/game/lock/autoShootBtn01.png",
    "Games/GDntg/res/game/lock/autoShootBtn02.png",
    "Games/GDntg/res/game/lock/lock_changeBg.png",
    "Games/GDntg/res/game/lock/lock_Bg2.png",
    "Games/GDntg/res/game/lock/lock_changeFIsh.png",
    "Games/GDntg/res/game/playerPlace/icon_pzjs_01.png",
    "Games/GDntg/res/game/gameUi/listBg.png",
    "Games/GDntg/res/game/gameUi/btn_shangla.png",
    "Games/GDntg/res/game/gameUi/btn_help.png",
    "Games/GDntg/res/game/gameUi/btn_set.png",
    "Games/GDntg/res/game/gameUi/btn_exit.png",
    "Games/GDntg/res/game/gameUi/tips_leave.png",
    "Games/GDntg/res/game/gameUi/btn_close.png",
    "Games/GDntg/res/game/gameUi/btn_cancel.png",
    "Games/GDntg/res/game/gameUi/btn_qeding.png",
    "Games/GDntg/res/game/gameUi/setting/bgshezhi.png",
    "Games/GDntg/res/game/gameUi/btn_close.png",
    "Games/GDntg/res/game/gameUi/setting/yinxiao.png",
    "Games/GDntg/res/game/gameUi/setting/yinyue.png",
    "Games/GDntg/res/game/gameUi/setting/jingying.png",
    "Games/GDntg/res/game/gameUi/setting/btn_kai.png",
    "Games/GDntg/res/game/gameUi/setting/btn_guan.png",
    "Games/GDntg/res/game/gameUi/fishdec/bgfishscore.png",
    "Games/GDntg/res/game/gameUi/btn_close.png",
    "Games/GDntg/res/game/gameUi/fishdec/putongyu.png",
    "Games/GDntg/res/game/gameUi/fishdec/bossfish.png",
    "Games/GDntg/res/game/gameUi/fishdec/texiaoyu.png",
    "Games/GDntg/res/game/gameUi/fishdec/fishpic.png",
    "Games/GDntg/res/game/gameUi/fishdec/fishdes.png",
    "Games/GDntg/res/game/gameUi/fishdec/texiaoyudes.png",
    "Games/GDntg/res/game/gameUi/fishdec/blank.png",
    "Games/GDntg/res/game/noviceGuide/txt_location.png",
    "Games/GDntg/res/game/noviceGuide/img_sheet.png",
    "Games/GDntg/res/game/noviceGuide/txt_dqpz.png",
    "Games/GDntg/res/game/noviceGuide/img_down.png",
    "Games/GDntg/res/game/noviceGuide/txt_jbnc.png",
    "Games/GDntg/res/game/noviceGuide/txt_zjpdbs.png",
    "Games/GDntg/res/game/noviceGuide/txt_more.png",
    "Games/GDntg/res/game/noviceGuide/txt_gdan.png",
    "Games/GDntg/res/game/noviceGuide/txt_ydbl.png",
    "Games/GDntg/res/game/noviceGuide/txt_yltj.png",
    "Games/GDntg/res/game/noviceGuide/txt_fhdt.png",
    "Games/GDntg/res/game/noviceGuide/txt_auto.png",
    "Games/GDntg/res/game/noviceGuide/txt_zdsd.png",
    "Games/GDntg/res/game/noviceGuide/txt_zdkp.png",
    "Games/GDntg/res/game/noviceGuide/txt_djpmkp.png",
    "Games/GDntg/res/game/noviceGuide/txt_fire.png",
    "Games/GDntg/res/game/noviceGuide/img_finger.png",
    "Games/GDntg/res/game/noviceGuide/img_guang.png",
    "Games/GDntg/res/game/gameUi/yourpos.png",
    "Games/GDntg/res/game/gameUi/youarehere.png",
    "Games/GDntg/res/game/gameUi/yourpostxt2.png",
    "Games/GLobby/res/login/bg.png",
    "Games/GLobby/res/login/logo.png",
    "Games/GLobby/res/login/txt1.png",
    "Games/GLobby/res/login/txt2.png",
    "Games/GLobby/res/login/button_login.png",
    "Games/GLobby/res/login/txt_yhxy.png",
    "Games/GLobby/res/login/img_default.png",
    "Games/GLobby/res/login/img_confirm.png",
    "Games/GLobby/res/login/txt3.png"
  ],
  "version": "1.6.0.0",
  "widgetTree": {
    "classname": "Panel",
    "name": null,
    "children": [
      {
        "classname": "ImageView",
        "name": null,
        "children": [],
        "options": {
          "__type": "ImageViewSurrogate:#EditorCommon.JsonModel.Component.GUI",
          "classname": "ImageView",
          "name": "Image_bg",
          "ZOrder": 0,
          "actiontag": 32224867,
          "anchorPointX": 0.5,
          "anchorPointY": 0.5,
          "classType": "CocoStudio.EngineAdapterWrap.CSImageView",
          "colorB": 255,
          "colorG": 255,
          "colorR": 255,
          "customProperty": "",
          "flipX": false,
          "flipY": false,
          "height": 1520,
          "ignoreSize": true,
          "layoutParameter": {
            "classname": null,
            "name": null,
            "align": 5,
            "gravity": 0,
            "layoutEageType": 0,
            "layoutNormalHorizontal": 0,
            "layoutNormalVertical": 0,
            "layoutParentHorizontal": 0,
            "layoutParentVertical": 0,
            "marginDown": 0,
            "marginLeft": 0,
            "marginRight": 0,
            "marginTop": 0,
            "relativeName": "Image_bg",
            "relativeToName": "Panel_14",
            "type": 2
          },
          "opacity": 255,
          "positionPercentX": 0.5,
          "positionPercentY": 0.5,
          "positionType": 0,
          "rotation": 0,
          "scaleX": 1,
          "scaleY": 1,
          "sizePercentX": 1.1875,
          "sizePercentY": 1.1875,
          "sizeType": 0,
          "tag": 4,
          "touchAble": false,
          "useMergedTexture": false,
          "visible": true,
          "width": 855,
          "x": 360,
          "y": 640,
          "capInsetsHeight": 1,
          "capInsetsWidth": 1,
          "capInsetsX": 0,
          "capInsetsY": 0,
          "fileName": null,
          "fileNameData": {
            "path": "Games/GLobby/res/login/bg.png",
            "plistFile": "",
            "resourceType": 0
          },
          "scale9Enable": false,
          "scale9Height": 1520,
          "scale9Width": 855
        }
      },
      {
        "classname": "ImageView",
        "name": null,
        "children": [],
        "options": {
          "__type": "ImageViewSurrogate:#EditorCommon.JsonModel.Component.GUI",
          "classname": "ImageView",
          "name": "Image_logo",
          "ZOrder": 0,
          "actiontag": 58411349,
          "anchorPointX": 0.5,
          "anchorPointY": 1,
          "classType": "CocoStudio.EngineAdapterWrap.CSImageView",
          "colorB": 255,
          "colorG": 255,
          "colorR": 255,
          "customProperty": "",
          "flipX": false,
          "flipY": false,
          "height": 719,
          "ignoreSize": true,
          "layoutParameter": {
            "classname": null,
            "name": null,
            "align": 2,
            "gravity": 0,
            "layoutEageType": 0,
            "layoutNormalHorizontal": 0,
            "layoutNormalVertical": 0,
            "layoutParentHorizontal": 0,
            "layoutParentVertical": 0,
            "marginDown": 0,
            "marginLeft": 0,
            "marginRight": 0,
            "marginTop": 0,
            "relativeName": "Image_logo",
            "relativeToName": "Panel_14",
            "type": 2
          },
          "opacity": 255,
          "positionPercentX": 0.5,
          "positionPercentY": 1,
          "positionType": 0,
          "rotation": 0,
          "scaleX": 1,
          "scaleY": 1,
          "sizePercentX": 0.9,
          "sizePercentY": 0.561718762,
          "sizeType": 0,
          "tag": 9,
          "touchAble": false,
          "useMergedTexture": false,
          "visible": true,
          "width": 648,
          "x": 360,
          "y": 1280,
          "capInsetsHeight": 1,
          "capInsetsWidth": 1,
          "capInsetsX": 0,
          "capInsetsY": 0,
          "fileName": null,
          "fileNameData": {
            "path": "Games/GLobby/res/login/logo.png",
            "plistFile": "",
            "resourceType": 0
          },
          "scale9Enable": false,
          "scale9Height": 719,
          "scale9Width": 648
        }
      },
      {
        "classname": "ImageView",
        "name": null,
        "children": [],
        "options": {
          "__type": "ImageViewSurrogate:#EditorCommon.JsonModel.Component.GUI",
          "classname": "ImageView",
          "name": "Image_logo_dess",
          "ZOrder": 0,
          "actiontag": 32206920,
          "anchorPointX": 0.5,
          "anchorPointY": 1,
          "classType": "CocoStudio.EngineAdapterWrap.CSImageView",
          "colorB": 255,
          "colorG": 255,
          "colorR": 255,
          "customProperty": "",
          "flipX": false,
          "flipY": false,
          "height": 118,
          "ignoreSize": true,
          "layoutParameter": {
            "classname": null,
            "name": null,
            "align": 2,
            "gravity": 0,
            "layoutEageType": 0,
            "layoutNormalHorizontal": 0,
            "layoutNormalVertical": 0,
            "layoutParentHorizontal": 0,
            "layoutParentVertical": 0,
            "marginDown": 0,
            "marginLeft": 0,
            "marginRight": 0,
            "marginTop": 450,
            "relativeName": "Image_logo_dess",
            "relativeToName": "Panel_14",
            "type": 2
          },
          "opacity": 255,
          "positionPercentX": 0.5,
          "positionPercentY": 0.6484375,
          "positionType": 0,
          "rotation": 0,
          "scaleX": 1,
          "scaleY": 1,
          "sizePercentX": 0.5708333,
          "sizePercentY": 0.0921875,
          "sizeType": 0,
          "tag": 11,
          "touchAble": false,
          "useMergedTexture": false,
          "visible": true,
          "width": 411,
          "x": 360,
          "y": 830,
          "capInsetsHeight": 1,
          "capInsetsWidth": 1,
          "capInsetsX": 0,
          "capInsetsY": 0,
          "fileName": null,
          "fileNameData": {
            "path": "Games/GLobby/res/login/txt1.png",
            "plistFile": "",
            "resourceType": 0
          },
          "scale9Enable": false,
          "scale9Height": 118,
          "scale9Width": 411
        }
      },
      {
        "classname": "ImageView",
        "name": null,
        "children": [],
        "options": {
          "__type": "ImageViewSurrogate:#EditorCommon.JsonModel.Component.GUI",
          "classname": "ImageView",
          "name": "Image_pt_dess",
          "ZOrder": 0,
          "actiontag": 37011548,
          "anchorPointX": 0.5,
          "anchorPointY": 1,
          "classType": "CocoStudio.EngineAdapterWrap.CSImageView",
          "colorB": 255,
          "colorG": 255,
          "colorR": 255,
          "customProperty": "",
          "flipX": false,
          "flipY": false,
          "height": 30,
          "ignoreSize": true,
          "layoutParameter": {
            "classname": null,
            "name": null,
            "align": 5,
            "gravity": 0,
            "layoutEageType": 0,
            "layoutNormalHorizontal": 0,
            "layoutNormalVertical": 0,
            "layoutParentHorizontal": 0,
            "layoutParentVertical": 0,
            "marginDown": 0,
            "marginLeft": 0,
            "marginRight": 0,
            "marginTop": 450,
            "relativeName": "Image_pt_dess",
            "relativeToName": "Panel_14",
            "type": 2
          },
          "opacity": 255,
          "positionPercentX": 0.5,
          "positionPercentY": 0.51171875,
          "positionType": 0,
          "rotation": 0,
          "scaleX": 1,
          "scaleY": 1,
          "sizePercentX": 0.61388886,
          "sizePercentY": 0.0234375,
          "sizeType": 0,
          "tag": 13,
          "touchAble": false,
          "useMergedTexture": false,
          "visible": true,
          "width": 442,
          "x": 360,
          "y": 655,
          "capInsetsHeight": 1,
          "capInsetsWidth": 1,
          "capInsetsX": 0,
          "capInsetsY": 0,
          "fileName": null,
          "fileNameData": {
            "path": "Games/GLobby/res/login/txt2.png",
            "plistFile": "",
            "resourceType": 0
          },
          "scale9Enable": false,
          "scale9Height": 30,
          "scale9Width": 442
        }
      },
      {
        "classname": "ImageView",
        "name": null,
        "children": [],
        "options": {
          "__type": "ImageViewSurrogate:#EditorCommon.JsonModel.Component.GUI",
          "classname": "ImageView",
          "name": "Image_btn_login",
          "ZOrder": 0,
          "actiontag": 17828780,
          "anchorPointX": 0.5,
          "anchorPointY": 0.5,
          "classType": "CocoStudio.EngineAdapterWrap.CSImageView",
          "colorB": 255,
          "colorG": 255,
          "colorR": 255,
          "customProperty": "",
          "flipX": false,
          "flipY": false,
          "height": 84,
          "ignoreSize": true,
          "layoutParameter": {
            "classname": null,
            "name": null,
            "align": 20,
            "gravity": 0,
            "layoutEageType": 0,
            "layoutNormalHorizontal": 0,
            "layoutNormalVertical": 0,
            "layoutParentHorizontal": 0,
            "layoutParentVertical": 0,
            "marginDown": 0,
            "marginLeft": 0,
            "marginRight": 0,
            "marginTop": 71,
            "relativeName": "Image_btn_login",
            "relativeToName": "Image_pt_dess",
            "type": 2
          },
          "opacity": 255,
          "positionPercentX": 0.5,
          "positionPercentY": 0.4,
          "positionType": 0,
          "rotation": 0,
          "scaleX": 1,
          "scaleY": 1,
          "sizePercentX": 0.7583333,
          "sizePercentY": 0.065625,
          "sizeType": 0,
          "tag": 15,
          "touchAble": false,
          "useMergedTexture": false,
          "visible": true,
          "width": 546,
          "x": 360,
          "y": 512,
          "capInsetsHeight": 1,
          "capInsetsWidth": 1,
          "capInsetsX": 0,
          "capInsetsY": 0,
          "fileName": null,
          "fileNameData": {
            "path": "Games/GLobby/res/login/button_login.png",
            "plistFile": "",
            "resourceType": 0
          },
          "scale9Enable": false,
          "scale9Height": 84,
          "scale9Width": 546
        }
      },
      {
        "classname": "ImageView",
        "name": null,
        "children": [],
        "options": {
          "__type": "ImageViewSurrogate:#EditorCommon.JsonModel.Component.GUI",
          "classname": "ImageView",
          "name": "Image_dess_agree",
          "ZOrder": 0,
          "actiontag": 22851383,
          "anchorPointX": 0.5,
          "anchorPointY": 0.5,
          "classType": "CocoStudio.EngineAdapterWrap.CSImageView",
          "colorB": 255,
          "colorG": 255,
          "colorR": 255,
          "customProperty": "",
          "flipX": false,
          "flipY": false,
          "height": 27,
          "ignoreSize": true,
          "layoutParameter": {
            "classname": null,
            "name": null,
            "align": 15,
            "gravity": 0,
            "layoutEageType": 0,
            "layoutNormalHorizontal": 0,
            "layoutNormalVertical": 0,
            "layoutParentHorizontal": 0,
            "layoutParentVertical": 0,
            "marginDown": 137,
            "marginLeft": 0,
            "marginRight": -137,
            "marginTop": 0,
            "relativeName": "Image_dess_agree",
            "relativeToName": "Panel_mid",
            "type": 2
          },
          "opacity": 255,
          "positionPercentX": 0.5076389,
          "positionPercentY": 0.117578126,
          "positionType": 0,
          "rotation": 0,
          "scaleX": 1,
          "scaleY": 1,
          "sizePercentX": 0.3638889,
          "sizePercentY": 0.02109375,
          "sizeType": 0,
          "tag": 18,
          "touchAble": false,
          "useMergedTexture": false,
          "visible": true,
          "width": 262,
          "x": 365,
          "y": 150,
          "capInsetsHeight": 1,
          "capInsetsWidth": 1,
          "capInsetsX": 0,
          "capInsetsY": 0,
          "fileName": null,
          "fileNameData": {
            "path": "Games/GLobby/res/login/txt_yhxy.png",
            "plistFile": "",
            "resourceType": 0
          },
          "scale9Enable": false,
          "scale9Height": 27,
          "scale9Width": 262
        }
      },
      {
        "classname": "Panel",
        "name": null,
        "children": [],
        "options": {
          "__type": "PanelSurrogate:#EditorCommon.JsonModel.Component.GUI",
          "classname": "Panel",
          "name": "Panel_mid",
          "ZOrder": 0,
          "actiontag": 46186029,
          "anchorPointX": 0.5,
          "anchorPointY": 0.5,
          "classType": "CocoStudio.EngineAdapterWrap.CSPanel",
          "colorB": 255,
          "colorG": 255,
          "colorR": 255,
          "customProperty": "",
          "flipX": false,
          "flipY": false,
          "height": 1280,
          "ignoreSize": false,
          "layoutParameter": {
            "classname": null,
            "name": null,
            "align": 5,
            "gravity": 0,
            "layoutEageType": 0,
            "layoutNormalHorizontal": 0,
            "layoutNormalVertical": 0,
            "layoutParentHorizontal": 0,
            "layoutParentVertical": 0,
            "marginDown": 0,
            "marginLeft": 0,
            "marginRight": 0,
            "marginTop": 1080,
            "relativeName": "Panel_mid",
            "relativeToName": "Panel_14",
            "type": 2
          },
          "opacity": 255,
          "positionPercentX": 0.5,
          "positionPercentY": 0.5,
          "positionType": 0,
          "rotation": 0,
          "scaleX": 1,
          "scaleY": 1,
          "sizePercentX": 0.00138888892,
          "sizePercentY": 1,
          "sizeType": 1,
          "tag": 19,
          "touchAble": true,
          "useMergedTexture": false,
          "visible": true,
          "width": 1,
          "x": 360,
          "y": 640,
          "adaptScreen": false,
          "backGroundImage": null,
          "backGroundImageData": null,
          "backGroundScale9Enable": false,
          "bgColorB": 255,
          "bgColorG": 200,
          "bgColorOpacity": 100,
          "bgColorR": 150,
          "bgEndColorB": 255,
          "bgEndColorG": 200,
          "bgEndColorR": 150,
          "bgStartColorB": 255,
          "bgStartColorG": 255,
          "bgStartColorR": 255,
          "capInsetsHeight": 1,
          "capInsetsWidth": 1,
          "capInsetsX": 0,
          "capInsetsY": 0,
          "clipAble": false,
          "colorType": 0,
          "layoutType": 0,
          "vectorX": 0,
          "vectorY": -0.5
        }
      },
      {
        "classname": "ImageView",
        "name": null,
        "children": [
          {
            "classname": "ImageView",
            "name": null,
            "children": [],
            "options": {
              "__type": "ImageViewSurrogate:#EditorCommon.JsonModel.Component.GUI",
              "classname": "ImageView",
              "name": "Image_19",
              "ZOrder": 0,
              "actiontag": 55833947,
              "anchorPointX": 0.5,
              "anchorPointY": 0.5,
              "classType": "CocoStudio.EngineAdapterWrap.CSImageView",
              "colorB": 255,
              "colorG": 255,
              "colorR": 255,
              "customProperty": "",
              "flipX": false,
              "flipY": false,
              "height": 27,
              "ignoreSize": true,
              "layoutParameter": null,
              "opacity": 255,
              "positionPercentX": 0,
              "positionPercentY": 0,
              "positionType": 0,
              "rotation": 0,
              "scaleX": 1,
              "scaleY": 1,
              "sizePercentX": 1.037037,
              "sizePercentY": 1,
              "sizeType": 0,
              "tag": 22,
              "touchAble": false,
              "useMergedTexture": false,
              "visible": true,
              "width": 28,
              "x": 0,
              "y": 0,
              "capInsetsHeight": 1,
              "capInsetsWidth": 1,
              "capInsetsX": 0,
              "capInsetsY": 0,
              "fileName": null,
              "fileNameData": {
                "path": "Games/GLobby/res/login/img_confirm.png",
                "plistFile": "",
                "resourceType": 0
              },
              "scale9Enable": false,
              "scale9Height": 27,
              "scale9Width": 28
            }
          }
        ],
        "options": {
          "__type": "ImageViewSurrogate:#EditorCommon.JsonModel.Component.GUI",
          "classname": "ImageView",
          "name": "Image_btn_agree",
          "ZOrder": 0,
          "actiontag": 16543928,
          "anchorPointX": 0.5,
          "anchorPointY": 0.5,
          "classType": "CocoStudio.EngineAdapterWrap.CSImageView",
          "colorB": 255,
          "colorG": 255,
          "colorR": 255,
          "customProperty": "",
          "flipX": false,
          "flipY": false,
          "height": 27,
          "ignoreSize": true,
          "layoutParameter": {
            "classname": null,
            "name": null,
            "align": 14,
            "gravity": 0,
            "layoutEageType": 0,
            "layoutNormalHorizontal": 0,
            "layoutNormalVertical": 0,
            "layoutParentHorizontal": 0,
            "layoutParentVertical": 0,
            "marginDown": 0,
            "marginLeft": 0,
            "marginRight": 8,
            "marginTop": 0,
            "relativeName": "Image_btn_agree",
            "relativeToName": "Image_dess_agree",
            "type": 2
          },
          "opacity": 255,
          "positionPercentX": 0.295833319,
          "positionPercentY": 0.117578126,
          "positionType": 0,
          "rotation": 0,
          "scaleX": 1,
          "scaleY": 1,
          "sizePercentX": 0.0375,
          "sizePercentY": 0.02109375,
          "sizeType": 0,
          "tag": 21,
          "touchAble": false,
          "useMergedTexture": false,
          "visible": true,
          "width": 27,
          "x": 213,
          "y": 150,
          "capInsetsHeight": 1,
          "capInsetsWidth": 1,
          "capInsetsX": 0,
          "capInsetsY": 0,
          "fileName": null,
          "fileNameData": {
            "path": "Games/GLobby/res/login/img_default.png",
            "plistFile": "",
            "resourceType": 0
          },
          "scale9Enable": false,
          "scale9Height": 27,
          "scale9Width": 27
        }
      },
      {
        "classname": "ImageView",
        "name": null,
        "children": [],
        "options": {
          "__type": "ImageViewSurrogate:#EditorCommon.JsonModel.Component.GUI",
          "classname": "ImageView",
          "name": "Image_dess_jk",
          "ZOrder": 0,
          "actiontag": 41626422,
          "anchorPointX": 0.5,
          "anchorPointY": 0,
          "classType": "CocoStudio.EngineAdapterWrap.CSImageView",
          "colorB": 255,
          "colorG": 255,
          "colorR": 255,
          "customProperty": "",
          "flipX": false,
          "flipY": false,
          "height": 62,
          "ignoreSize": true,
          "layoutParameter": {
            "classname": null,
            "name": null,
            "align": 8,
            "gravity": 0,
            "layoutEageType": 0,
            "layoutNormalHorizontal": 0,
            "layoutNormalVertical": 0,
            "layoutParentHorizontal": 0,
            "layoutParentVertical": 0,
            "marginDown": 20,
            "marginLeft": -40,
            "marginRight": 0,
            "marginTop": 0,
            "relativeName": "Image_dess_jk",
            "relativeToName": "Panel_14",
            "type": 2
          },
          "opacity": 255,
          "positionPercentX": 0.5,
          "positionPercentY": 0.015625,
          "positionType": 0,
          "rotation": 0,
          "scaleX": 1,
          "scaleY": 1,
          "sizePercentX": 0.894444466,
          "sizePercentY": 0.0484375,
          "sizeType": 0,
          "tag": 23,
          "touchAble": false,
          "useMergedTexture": false,
          "visible": true,
          "width": 644,
          "x": 360,
          "y": 20,
          "capInsetsHeight": 1,
          "capInsetsWidth": 1,
          "capInsetsX": 0,
          "capInsetsY": 0,
          "fileName": null,
          "fileNameData": {
            "path": "Games/GLobby/res/login/txt3.png",
            "plistFile": "",
            "resourceType": 0
          },
          "scale9Enable": false,
          "scale9Height": 62,
          "scale9Width": 644
        }
      },
      {
        "classname": "Label",
        "name": null,
        "children": [],
        "options": {
          "__type": "LabelSurrogate:#EditorCommon.JsonModel.Component.GUI",
          "classname": "Label",
          "name": "Label_vesion",
          "ZOrder": 0,
          "actiontag": 11847581,
          "anchorPointX": 1,
          "anchorPointY": 0,
          "classType": "CocoStudio.EngineAdapterWrap.CSLabel",
          "colorB": 255,
          "colorG": 255,
          "colorR": 255,
          "customProperty": "",
          "flipX": false,
          "flipY": false,
          "height": 28,
          "ignoreSize": true,
          "layoutParameter": {
            "classname": null,
            "name": null,
            "align": 12,
            "gravity": 0,
            "layoutEageType": 0,
            "layoutNormalHorizontal": 0,
            "layoutNormalVertical": 0,
            "layoutParentHorizontal": 0,
            "layoutParentVertical": 0,
            "marginDown": 12,
            "marginLeft": 0,
            "marginRight": 0,
            "marginTop": 0,
            "relativeName": "Label_vesion",
            "relativeToName": "Image_dess_jk",
            "type": 2
          },
          "opacity": 255,
          "positionPercentX": 0.947222233,
          "positionPercentY": 0.0734375,
          "positionType": 0,
          "rotation": 0,
          "scaleX": 1,
          "scaleY": 1,
          "sizePercentX": 0.131944448,
          "sizePercentY": 0.02109375,
          "sizeType": 0,
          "tag": 1079,
          "touchAble": false,
          "useMergedTexture": false,
          "visible": true,
          "width": 224,
          "x": 682,
          "y": 94,
          "areaHeight": 0,
          "areaWidth": 0,
          "fontFile": null,
          "fontName": "微软雅黑",
          "fontSize": 21,
          "hAlignment": 0,
          "text": "版本:v1.0.26  20180910",
          "touchScaleEnable": false,
          "vAlignment": 0
        }
      }
    ],
    "options": {
      "__type": "PanelSurrogate:#EditorCommon.JsonModel.Component.GUI",
      "classname": "Panel",
      "name": "Panel_14",
      "ZOrder": 0,
      "actiontag": -1,
      "anchorPointX": 0,
      "anchorPointY": 0,
      "classType": "CocoStudio.EngineAdapterWrap.CSPanel",
      "colorB": 255,
      "colorG": 255,
      "colorR": 255,
      "customProperty": "",
      "flipX": false,
      "flipY": false,
      "height": 1280,
      "ignoreSize": false,
      "layoutParameter": null,
      "opacity": 255,
      "positionPercentX": 0,
      "positionPercentY": 0,
      "positionType": 0,
      "rotation": 0,
      "scaleX": 1,
      "scaleY": 1,
      "sizePercentX": 1,
      "sizePercentY": 1,
      "sizeType": 0,
      "tag": 3,
      "touchAble": true,
      "useMergedTexture": false,
      "visible": true,
      "width": 720,
      "x": 0,
      "y": 0,
      "adaptScreen": true,
      "backGroundImage": null,
      "backGroundImageData": null,
      "backGroundScale9Enable": false,
      "bgColorB": 255,
      "bgColorG": 200,
      "bgColorOpacity": 0,
      "bgColorR": 150,
      "bgEndColorB": 255,
      "bgEndColorG": 200,
      "bgEndColorR": 150,
      "bgStartColorB": 255,
      "bgStartColorG": 255,
      "bgStartColorR": 255,
      "capInsetsHeight": 1,
      "capInsetsWidth": 1,
      "capInsetsX": 0,
      "capInsetsY": 0,
      "clipAble": false,
      "colorType": 1,
      "layoutType": 3,
      "vectorX": 0,
      "vectorY": -0.5
    }
  }
}